utc,universe_id,ccu,charts
2026-10-09T00:26:18Z,10563114921,1100540,te mp pn
2026-10-09T00:26:18Z,6035872082,155619,te mp pn
2026-10-09T00:26:18Z,383310974,166204,te mp pn tt
2026-10-09T00:26:18Z,994732206,152190,te mp pn
2026-10-09T00:26:18Z,5569032992,135558,te mp pn tt
2026-10-09T00:26:18Z,5595353122,67875,te mp pn
2026-10-09T00:26:18Z,4777817887,13734,te mp pn
2026-10-09T00:26:18Z,1686885941,318536,te mp pn
2026-10-09T00:26:18Z,66654135,191996,te mp pn
2026-10-09T00:26:18Z,7326934954,148881,te mp pn tt
2026-10-09T00:26:18Z,9584852943,51035,te mp pn
2026-10-09T00:26:18Z,3508322461,148459,te mp pn
2026-10-09T00:26:18Z,5750914919,61968,te mp pn
2026-10-09T00:26:18Z,5203828273,47644,te mp pn
2026-10-09T00:26:18Z,10765012427,11526,te mp tt
2026-10-09T00:26:18Z,10035204815,55432,te mp pn
2026-10-09T00:26:18Z,7709344486,81443,te mp pn
2026-10-09T00:26:18Z,3317771874,45684,te pn
2026-10-09T00:26:18Z,6331902150,58793,te mp pn
2026-10-09T00:26:18Z,2440500124,40692,te mp pn tt
2026-10-09T00:26:18Z,6931042565,47063,te mp pn tt
2026-10-09T00:26:18Z,10684750879,23409,te mp pn
2026-10-09T00:26:18Z,10732236937,12324,te
2026-10-09T00:26:18Z,5995470825,19014,te mp pn
2026-10-09T00:26:18Z,10148749921,28036,te mp pn
2026-10-09T00:26:18Z,88070565,29786,te pn
2026-10-09T00:26:18Z,2619619496,30332,te mp pn
2026-10-09T00:26:18Z,10764627709,99325,te mp pn tt uc
2026-10-09T00:26:18Z,9534705677,14337,te mp pn tt
2026-10-09T00:26:18Z,10708913337,50163,te mp pn
2026-10-09T00:26:18Z,1176784616,9497,te
2026-10-09T00:26:18Z,10685282333,26841,te mp pn tt
2026-10-09T00:26:18Z,10258991999,15429,te mp pn
2026-10-09T00:26:18Z,3808081382,46603,te mp pn
2026-10-09T00:26:18Z,3990106548,7624,te
2026-10-09T00:26:18Z,10436530264,14499,te pn tt
2026-10-09T00:26:18Z,1831550657,17408,te pn
2026-10-09T00:26:18Z,648454481,16074,te pn
2026-10-09T00:26:18Z,1516533665,17836,te mp pn
2026-10-09T00:26:18Z,10173311467,9624,te mp
2026-10-09T00:26:18Z,578392296,16016,te pn
2026-10-09T00:26:18Z,10765298801,21144,te mp pn tt uc
2026-10-09T00:26:18Z,1235188606,4972,te
2026-10-09T00:26:18Z,3541611379,4381,te
2026-10-09T00:26:18Z,10756011174,14369,te mp pn
2026-10-09T00:26:18Z,9837612476,7356,te
2026-10-09T00:26:18Z,7585140258,13616,te mp pn
2026-10-09T00:26:18Z,10737656087,7955,te
2026-10-09T00:26:18Z,4750561026,6591,te
2026-10-09T00:26:18Z,903807016,7489,te
2026-10-09T00:26:18Z,1202096104,23319,te mp pn
2026-10-09T00:26:18Z,184199275,19145,te pn
2026-10-09T00:26:18Z,9891331827,5006,te
2026-10-09T00:26:18Z,7219654364,77380,te mp pn
2026-10-09T00:26:18Z,10282097014,18665,te pn tt uc
2026-10-09T00:26:18Z,3647333358,24752,te mp pn
2026-10-09T00:26:18Z,9855761734,7706,te
2026-10-09T00:26:18Z,10261267004,10520,te
2026-10-09T00:26:18Z,9931749389,5320,te
2026-10-09T00:26:18Z,7436755782,13929,te mp pn
2026-10-09T00:26:18Z,10667357873,6112,te tt
2026-10-09T00:26:18Z,1526814825,6178,te
2026-10-09T00:26:18Z,10765288803,56838,te mp pn tt uc
2026-10-09T00:26:18Z,10700618962,8155,te
2026-10-09T00:26:18Z,6765805766,23610,te pn
2026-10-09T00:26:18Z,6749060816,5099,te
2026-10-09T00:26:18Z,4658598196,12158,te
2026-10-09T00:26:18Z,7008097940,11064,te
2026-10-09T00:26:18Z,4673599750,1652,te
2026-10-09T00:26:18Z,7633926880,5031,te
2026-10-09T00:26:18Z,7028566528,8017,te
2026-10-09T00:26:18Z,6325068386,16947,te pn
2026-10-09T00:26:18Z,1016936714,4053,te
2026-10-09T00:26:18Z,8719555347,11800,te mp
2026-10-09T00:26:18Z,10624691669,8840,te mp
2026-10-09T00:26:18Z,6701277882,69047,te pn
2026-10-09T00:26:18Z,7089588429,8859,te mp tt
2026-10-09T00:26:18Z,7264587281,3327,te
2026-10-09T00:26:18Z,601130232,24153,te pn
2026-10-09T00:26:18Z,10643795368,3816,te
2026-10-09T00:26:18Z,321778215,7798,te
2026-10-09T00:26:18Z,2682938349,4503,te
2026-10-09T00:26:18Z,850110028,4899,te
2026-10-09T00:26:18Z,1525626450,5364,te
2026-10-09T00:26:18Z,5361032378,30522,te pn
2026-10-09T00:26:18Z,4991126644,1572,te
2026-10-09T00:26:18Z,10512942223,34980,te pn tt uc
2026-10-09T00:26:18Z,371263894,6467,te
2026-10-09T00:26:18Z,10741792653,2169,te
2026-10-09T00:26:18Z,2992873140,1815,te
2026-10-09T00:26:18Z,4931927012,4849,te
2026-10-09T00:26:18Z,10004244222,8227,te mp
2026-10-09T00:26:18Z,5578556129,22153,te pn
2026-10-09T00:26:18Z,10155360168,49887,te mp pn
2026-10-09T00:26:18Z,10399136326,15638,te mp pn
2026-10-09T00:26:18Z,10636331438,5633,te
2026-10-09T00:26:18Z,1278035280,6952,te
2026-10-09T00:26:18Z,1946714362,2548,te
2026-10-09T00:26:18Z,8520148363,3633,te
2026-10-09T00:26:18Z,6682487255,4831,te
2026-10-09T00:26:18Z,5166944221,5044,te
2026-10-09T00:26:18Z,2783797267,15151,te pn
2026-10-09T00:26:18Z,9641502068,6333,te mp
2026-10-09T00:26:18Z,6760085372,4744,te
2026-10-09T00:26:18Z,2380077519,7641,te
2026-10-09T00:26:18Z,2251388500,2227,te
2026-10-09T00:26:18Z,7395930870,8646,te
2026-10-09T00:26:18Z,10550257968,8821,te mp tt
2026-10-09T00:26:18Z,10039889230,4027,te
2026-10-09T00:26:18Z,10231502419,3625,te
2026-10-09T00:26:18Z,9051406594,6077,te
2026-10-09T00:26:18Z,6945584306,12903,te pn
2026-10-09T00:26:18Z,1268927906,9471,te
2026-10-09T00:26:18Z,6061766680,3985,te
2026-10-09T00:26:18Z,10200395747,2294,te
2026-10-09T00:26:18Z,10431718987,2389,te
2026-10-09T00:26:18Z,10681914462,8609,te mp
2026-10-09T00:26:18Z,3183403065,2153,te
2026-10-09T00:26:18Z,9978329815,14545,te mp pn
2026-10-09T00:26:18Z,3240075297,43243,te mp pn
2026-10-09T00:26:18Z,245662005,6014,te
2026-10-09T00:26:18Z,9796898051,5997,te
2026-10-09T00:26:18Z,10532995815,3722,te
2026-10-09T00:26:18Z,4839802560,30044,te mp pn
2026-10-09T00:26:18Z,9872734936,9783,te
2026-10-09T00:26:18Z,7108384194,8464,te
2026-10-09T00:26:18Z,3012965062,3230,te
2026-10-09T00:26:18Z,10748543623,4266,te
2026-10-09T00:26:18Z,10766812776,4605,te uc
2026-10-09T00:26:18Z,3936365689,1661,te
2026-10-09T00:26:18Z,10526853622,6224,te
2026-10-09T00:26:18Z,10742937135,9937,te tt
2026-10-09T00:26:18Z,10764887435,882,te
2026-10-09T00:26:18Z,3405618667,3029,te
2026-10-09T00:26:18Z,6521100398,24797,te mp pn tt
2026-10-09T00:26:18Z,10766008884,3674,te uc
2026-10-09T00:26:18Z,10765582175,12575,te tt uc
2026-10-09T00:26:18Z,10529769390,6042,te
2026-10-09T00:26:18Z,10246108265,2044,te
2026-10-09T00:26:18Z,6336741296,2252,te
2026-10-09T00:26:18Z,1390601379,1849,te
2026-10-09T00:26:18Z,7883776681,3770,te
2026-10-09T00:26:18Z,10753751277,13812,te pn
2026-10-09T00:26:18Z,10717002748,8181,te
2026-10-09T00:26:18Z,10440833423,1627,te
2026-10-09T00:26:18Z,7094518649,5716,te
2026-10-09T00:26:18Z,4987856151,9646,te tt
2026-10-09T00:26:18Z,10634461028,1536,te mp
2026-10-09T00:26:18Z,10740316645,7488,te
2026-10-09T00:26:18Z,10741654282,7901,te
2026-10-09T00:26:18Z,10764533320,4745,te
2026-10-09T00:26:18Z,10759337137,4753,te
2026-10-09T00:26:18Z,210851291,10162,te
2026-10-09T00:26:18Z,9970645639,5571,te
2026-10-09T00:26:18Z,9910245722,3399,te
2026-10-09T00:26:18Z,10552240401,3703,te
2026-10-09T00:26:18Z,9551044479,3925,te
2026-10-09T00:26:18Z,10762388019,4820,te mp
2026-10-09T00:26:18Z,10577588270,2193,te
2026-10-09T00:26:18Z,10759638075,5154,te
2026-10-09T00:26:18Z,4568630521,5088,te
2026-10-09T00:26:18Z,1802741133,1949,te
2026-10-09T00:26:18Z,10321202755,6151,te
2026-10-09T00:26:18Z,9880286438,5844,te
2026-10-09T00:26:18Z,10766056678,19293,te mp pn tt uc
2026-10-09T00:26:18Z,10675117523,12341,te
2026-10-09T00:26:18Z,5650396773,8451,te
2026-10-09T00:26:18Z,2527789729,2142,te
2026-10-09T00:26:18Z,7265339759,911,te
2026-10-09T00:26:18Z,8524572339,3654,te
2026-10-09T00:26:18Z,4348829796,7232,te
2026-10-09T00:26:18Z,10230942274,6858,te
2026-10-09T00:26:18Z,6174994284,2922,te
2026-10-09T00:26:18Z,2788648141,1606,te
2026-10-09T00:26:18Z,6726637224,3058,te
2026-10-09T00:26:18Z,10762757054,4432,te mp
2026-10-09T00:26:18Z,10673920146,25220,te mp pn tt
2026-10-09T00:26:18Z,9561553764,9496,te mp
2026-10-09T00:26:18Z,10648640958,3184,te
2026-10-09T00:26:18Z,10765686447,8381,te mp tt uc
2026-10-09T00:26:18Z,3110388936,2316,te
2026-10-09T00:26:18Z,10761687472,11197,te mp
2026-10-09T00:26:18Z,4420562665,10284,te
2026-10-09T00:26:18Z,10541331578,949,te
2026-10-09T00:26:18Z,10765013362,5159,te
2026-10-09T00:26:18Z,4730278139,8133,te
2026-10-09T00:26:18Z,7673659635,1794,te
2026-10-09T00:26:18Z,6504986360,6796,te
2026-10-09T00:26:18Z,1451439645,4994,te
2026-10-09T00:26:18Z,10430019389,10528,te
2026-10-09T00:26:18Z,703124385,10423,te mp
2026-10-09T00:26:18Z,10764897725,16568,te mp pn
2026-10-09T00:26:18Z,1494262959,1813,te
2026-10-09T00:26:18Z,10424107160,2419,te
2026-10-09T00:26:18Z,10765091041,6019,te uc
2026-10-09T00:26:18Z,5422546686,1969,te
2026-10-09T00:26:18Z,5026122481,2694,te
2026-10-09T00:26:18Z,65241,7750,te mp
2026-10-09T00:26:18Z,985731078,1604,te
2026-10-09T00:26:18Z,7703614594,3483,te
2026-10-09T00:26:18Z,10552540426,1263,te
2026-10-09T00:26:18Z,31970568,3095,te
2026-10-09T00:26:18Z,10766721625,12714,te mp pn tt uc
2026-10-09T00:26:18Z,3164075108,2601,te
2026-10-09T00:26:18Z,9656201728,1259,te
2026-10-09T00:26:18Z,8640389608,293,te
2026-10-09T00:26:18Z,7018190066,12711,te
2026-10-09T00:26:18Z,9167377564,12164,te mp
2026-10-09T00:26:18Z,10268960646,2142,te
2026-10-09T00:26:18Z,10144280947,6902,te mp
2026-10-09T00:26:18Z,10371406677,5924,te
2026-10-09T00:26:18Z,9582986239,2869,te
2026-10-09T00:26:18Z,10572887321,2520,te
2026-10-09T00:26:18Z,10765950109,3841,te
2026-10-09T00:26:18Z,10199301628,10386,te
2026-10-09T00:26:18Z,8618660961,1319,te
2026-10-09T00:26:18Z,2936053166,13717,te mp pn
2026-10-09T00:26:18Z,10415845204,2138,te
2026-10-09T00:26:18Z,1271059807,2058,te
2026-10-09T00:26:18Z,10475794799,2111,te
2026-10-09T00:26:18Z,6774320049,12795,te mp pn
2026-10-09T00:26:18Z,9788139379,2281,te
2026-10-09T00:26:18Z,10648555380,268,te
2026-10-09T00:26:18Z,10765167636,4461,te
2026-10-09T00:26:18Z,10628526114,2270,te
2026-10-09T00:26:18Z,10031562156,3857,te
2026-10-09T00:26:18Z,9348272796,5284,te
2026-10-09T00:26:18Z,7970033072,1124,te
2026-10-09T00:26:18Z,6739698191,24450,te mp pn
2026-10-09T00:26:18Z,10764479526,14225,te pn
2026-10-09T00:26:18Z,7613921865,5957,te
2026-10-09T00:26:18Z,9662130710,9272,te
2026-10-09T00:26:18Z,1008451066,2719,te
2026-10-09T00:26:18Z,10539411000,8515,te
2026-10-09T00:26:18Z,4983034985,5855,te
2026-10-09T00:26:18Z,21164849,3734,te
2026-10-09T00:26:18Z,9950184599,965,te
2026-10-09T00:26:18Z,9312646406,1662,te
2026-10-09T00:26:18Z,274816972,2042,te
2026-10-09T00:26:18Z,1054526971,3566,te
2026-10-09T00:26:18Z,7143545906,567,te
2026-10-09T00:26:18Z,8841437826,1608,te
2026-10-09T00:26:18Z,9885372266,3850,te
2026-10-09T00:26:18Z,7488668004,6678,te
2026-10-09T00:26:18Z,113491250,2623,te
2026-10-09T00:26:18Z,4457060041,316,te
2026-10-09T00:26:18Z,2668101271,19361,te mp pn
2026-10-09T00:26:18Z,7629331599,3945,te
2026-10-09T00:26:18Z,547524060,7952,te tt
2026-10-09T00:26:18Z,4949420752,29418,te mp pn
2026-10-09T00:26:18Z,9735583968,2269,te
2026-10-09T00:26:18Z,4342047058,9564,te
2026-10-09T00:26:18Z,10504918958,1655,te
2026-10-09T00:26:18Z,4793836769,2906,te
2026-10-09T00:26:18Z,10761143648,591,te
2026-10-09T00:26:18Z,10765190004,4045,te
2026-10-09T00:26:18Z,6593476325,1609,te
2026-10-09T00:26:18Z,10116272705,6835,te
2026-10-09T00:26:18Z,10124403207,1174,te
2026-10-09T00:26:18Z,2822776643,3203,te
2026-10-09T00:26:18Z,10739044772,1238,te
2026-10-09T00:26:18Z,10533638982,1245,te
2026-10-09T00:26:18Z,9826885587,3612,te
2026-10-09T00:26:18Z,7761516673,4963,te
2026-10-09T00:26:18Z,73885730,6459,te
2026-10-09T00:26:18Z,10762636904,1406,te
2026-10-09T00:26:18Z,8829204428,1248,te
2026-10-09T00:26:18Z,47545,7576,te
2026-10-09T00:26:18Z,10763764817,5094,te mp
2026-10-09T00:26:18Z,2309918273,1301,te
2026-10-09T00:26:18Z,10144587520,3571,te
2026-10-09T00:26:18Z,5026970880,2061,te
2026-10-09T00:26:18Z,10561166339,4682,te
2026-10-09T00:26:18Z,6048923315,977,te
2026-10-09T00:26:18Z,3747388906,723,te
2026-10-09T00:26:18Z,7934320560,1751,te
2026-10-09T00:26:18Z,10310999762,3378,te
2026-10-09T00:26:18Z,10031505426,2460,te
2026-10-09T00:26:18Z,10452740285,1414,te
2026-10-09T00:26:18Z,8198412649,1131,te
2026-10-09T00:26:18Z,10762175328,227,te
2026-10-09T00:26:18Z,7661378108,966,te
2026-10-09T00:26:18Z,4497460596,965,te
2026-10-09T00:26:18Z,1511883870,3376,te
2026-10-09T00:26:18Z,1742264997,1458,te
2026-10-09T00:26:18Z,9491545867,3773,te tt
2026-10-09T00:26:18Z,10138624079,5407,te
2026-10-09T00:26:18Z,4778845442,2568,te
2026-10-09T00:26:18Z,10309128556,645,te
2026-10-09T00:26:18Z,3308103880,5453,te
2026-10-09T00:26:18Z,10765708310,437,te
2026-10-09T00:26:18Z,7738524573,1804,te
2026-10-09T00:26:18Z,9073513091,1388,te
2026-10-09T00:26:18Z,4938220315,964,te
2026-10-09T00:26:18Z,6858584271,1514,te
2026-10-09T00:26:18Z,2350840700,682,te
2026-10-09T00:26:18Z,10338952197,3849,te
2026-10-09T00:26:18Z,540382210,1454,te
2026-10-09T00:26:18Z,9908641400,7085,te
2026-10-09T00:26:18Z,2862098693,2259,te
2026-10-09T00:26:18Z,1782832995,1313,te
2026-10-09T00:26:18Z,7450497506,1825,te
2026-10-09T00:26:18Z,6161049307,4630,te
2026-10-09T00:26:18Z,10393438342,2847,te
2026-10-09T00:26:18Z,10608856704,5515,te mp tt
2026-10-09T00:26:18Z,98929893,1646,te
2026-10-09T00:26:18Z,9112256336,984,te
2026-10-09T00:26:18Z,10411998017,2376,te
2026-10-09T00:26:18Z,6786784563,1587,te
2026-10-09T00:26:18Z,10593319486,785,te
2026-10-09T00:26:18Z,10739137760,6752,te
2026-10-09T00:26:18Z,10765751583,1782,te tt
2026-10-09T00:26:18Z,10767408330,29861,te pn tt uc
2026-10-09T00:26:18Z,10501944811,1240,te
2026-10-09T00:26:18Z,10765279487,1005,te
2026-10-09T00:26:18Z,6375110339,1854,te
2026-10-09T00:26:18Z,10759430423,1874,te
2026-10-09T00:26:18Z,10249209189,563,te
2026-10-09T00:26:18Z,3837114739,836,te
2026-10-09T00:26:18Z,7274244096,4238,te
2026-10-09T00:26:18Z,10767582899,4777,te
2026-10-09T00:26:18Z,10195997258,1674,te
2026-10-09T00:26:18Z,10075660664,225,te
2026-10-09T00:26:18Z,372226183,26030,te mp pn
2026-10-09T00:26:18Z,10765902945,4503,te
2026-10-09T00:26:18Z,9098570654,5030,te
2026-10-09T00:26:18Z,6215986499,641,te
2026-10-09T00:26:18Z,9765324104,1131,te
2026-10-09T00:26:18Z,8964956538,1654,te
2026-10-09T00:26:18Z,97314177,1551,te
2026-10-09T00:26:18Z,3734304510,2140,te
2026-10-09T00:26:18Z,10698216738,2089,te
2026-10-09T00:26:18Z,5125369493,1781,te
2026-10-09T00:26:18Z,3730079862,4674,te
2026-10-09T00:26:18Z,4582358979,1473,te
2026-10-09T00:26:18Z,9317784977,990,te
2026-10-09T00:26:18Z,10209534490,2260,te
2026-10-09T00:26:18Z,10759478428,2404,te
2026-10-09T00:26:18Z,10765153945,4168,te mp tt uc
2026-10-09T00:26:18Z,10226261982,2697,te
2026-10-09T00:26:18Z,9362896961,3037,te
2026-10-09T00:26:18Z,10765579304,931,te
2026-10-09T00:26:18Z,10631775021,1657,te
2026-10-09T00:26:18Z,10057343903,1510,te
2026-10-09T00:26:18Z,10445832507,1811,te
2026-10-09T00:26:18Z,6505338302,4167,te
2026-10-09T00:26:18Z,10759594563,1599,te
2026-10-09T00:26:18Z,10765067592,4202,te
2026-10-09T00:26:18Z,10566677406,3340,te
2026-10-09T00:26:18Z,10187294555,1240,te
2026-10-09T00:26:18Z,10766494202,537,te
2026-10-09T00:26:18Z,10761375938,1821,te
2026-10-09T00:26:18Z,2471084,4888,te
2026-10-09T00:26:18Z,10455462279,2536,te
2026-10-09T00:26:18Z,9940812243,2451,te
2026-10-09T00:26:18Z,10767240772,13407,te pn tt uc
2026-10-09T00:26:18Z,10404519332,1195,te
2026-10-09T00:26:18Z,911750776,3476,te
2026-10-09T00:26:18Z,9363735110,3658,te
2026-10-09T00:26:18Z,10439568447,4100,te
2026-10-09T00:26:18Z,6443367640,3861,te
2026-10-09T00:26:18Z,10612017628,7020,te
2026-10-09T00:26:18Z,6100103590,849,te
2026-10-09T00:26:18Z,4540138978,6866,te
2026-10-09T00:26:18Z,10336278580,1593,te
2026-10-09T00:26:18Z,3457700596,2321,te
2026-10-09T00:26:18Z,7960300951,2515,te
2026-10-09T00:26:18Z,10764839604,2216,te
2026-10-09T00:26:18Z,10410945205,1863,te
2026-10-09T00:26:18Z,10765122642,1901,te
2026-10-09T00:26:18Z,10310563053,2234,te
2026-10-09T00:26:18Z,10502841145,10395,te
2026-10-09T00:26:18Z,5576955991,995,te
2026-10-09T00:26:18Z,4165164803,6599,te
2026-10-09T00:26:18Z,4193032947,659,te
2026-10-09T00:26:18Z,10701628624,11111,te mp tt
2026-10-09T00:26:18Z,10768462078,3126,te
2026-10-09T00:26:18Z,10514223296,1759,te
2026-10-09T00:26:18Z,10648820673,3598,te
2026-10-09T00:26:18Z,5265857965,3835,te
2026-10-09T00:26:18Z,10069043526,1081,te
2026-10-09T00:26:18Z,5272606478,1341,te
2026-10-09T00:26:18Z,10471583973,1629,te
2026-10-09T00:26:18Z,10765906597,1879,te uc
2026-10-09T00:26:18Z,7884563721,988,te
2026-10-09T00:26:18Z,9949288829,842,te
2026-10-09T00:26:18Z,4130569984,1365,te
2026-10-09T00:26:18Z,3808223175,1200,te
2026-10-09T00:26:18Z,10389762549,1615,te
2026-10-09T00:26:18Z,10223976219,2121,te
2026-10-09T00:26:18Z,9324081218,133,te
2026-10-09T00:26:18Z,4263576532,1550,te
2026-10-09T00:26:18Z,7843413523,1598,te
2026-10-09T00:26:18Z,7750955984,926,te
2026-10-09T00:26:18Z,8906870648,1017,te
2026-10-09T00:26:18Z,10761884278,237,te
2026-10-09T00:26:18Z,110181652,1719,te
2026-10-09T00:26:18Z,7787359931,1589,te
2026-10-09T00:26:18Z,2139712082,593,te
2026-10-09T00:26:18Z,10263732883,1502,te
2026-10-09T00:26:18Z,3873871110,1362,te
2026-10-09T00:26:18Z,10737231383,1395,te
2026-10-09T00:26:18Z,10485201326,1615,te
2026-10-09T00:26:18Z,6770632849,857,te
2026-10-09T00:26:18Z,10768176407,6253,te uc
2026-10-09T00:26:18Z,10460801145,11591,te mp
2026-10-09T00:26:18Z,3365661357,700,te
2026-10-09T00:26:18Z,10768023539,14944,te pn tt uc
2026-10-09T00:26:18Z,9150731899,1091,te
2026-10-09T00:26:18Z,10764404786,1770,te
2026-10-09T00:26:18Z,605887098,2472,te
2026-10-09T00:26:18Z,4723764956,15010,te pn
2026-10-09T00:26:18Z,10298144467,1832,te
2026-10-09T00:26:18Z,6751447237,1610,te
2026-10-09T00:26:18Z,10766349481,9745,te tt uc
2026-10-09T00:26:18Z,10769043472,1173,te
2026-10-09T00:26:18Z,6466404775,2866,te
2026-10-09T00:26:18Z,10390151142,1048,te
2026-10-09T00:26:18Z,9067189974,2588,te
2026-10-09T00:26:18Z,3419284255,2435,te
2026-10-09T00:26:18Z,5091490171,2487,te
2026-10-09T00:26:18Z,4925331346,2758,te
2026-10-09T00:26:18Z,10757704931,3790,te uc
2026-10-09T00:26:18Z,10593482707,2084,te
2026-10-09T00:26:18Z,9141743926,2497,te
2026-10-09T00:26:18Z,7474367816,3058,te
2026-10-09T00:26:18Z,5812546130,498,te
2026-10-09T00:26:18Z,98839997,302,te
2026-10-09T00:26:18Z,9296042754,2986,te
2026-10-09T00:26:18Z,9382839773,1579,te
2026-10-09T00:26:18Z,6619936488,1585,te
2026-10-09T00:26:18Z,4263371487,981,te
2026-10-09T00:26:18Z,9996384072,1106,te
2026-10-09T00:26:18Z,7665084235,282,te
2026-10-09T00:26:18Z,8246907060,749,te
2026-10-09T00:26:18Z,10761200080,1335,te
2026-10-09T00:26:18Z,4079077350,620,te
2026-10-09T00:26:18Z,7359962123,2928,te
2026-10-09T00:26:18Z,1531130248,3633,te
2026-10-09T00:26:18Z,9169166771,1302,te
2026-10-09T00:26:18Z,9091734830,730,te
2026-10-09T00:26:18Z,6324644175,3553,te
2026-10-09T00:26:18Z,5972059550,1513,te
2026-10-09T00:26:18Z,10764297006,5646,te
2026-10-09T00:26:18Z,10153098880,1530,te
2026-10-09T00:26:18Z,10766064142,1011,te
2026-10-09T00:26:18Z,10590260635,1101,te
2026-10-09T00:26:18Z,4201418016,420,te
2026-10-09T00:26:18Z,10714746778,3597,te
2026-10-09T00:26:18Z,7332711118,1550,te
2026-10-09T00:26:18Z,10767634248,15482,te mp pn tt uc
2026-10-09T00:26:18Z,10603011269,1041,te
2026-10-09T00:26:18Z,10764883692,878,te
2026-10-09T00:26:18Z,6170143659,3294,te
2026-10-09T00:26:18Z,7058980030,3835,te
2026-10-09T00:26:18Z,7178032757,4827,te
2026-10-09T00:26:18Z,10598688389,2177,te
2026-10-09T00:26:18Z,10376944238,3546,te
2026-10-09T00:26:18Z,4666414595,547,te
2026-10-09T00:26:18Z,4293374620,12774,te mp pn
2026-10-09T00:26:18Z,10767824942,8779,te uc
2026-10-09T00:26:18Z,10553704684,2206,te
2026-10-09T00:26:18Z,10759518799,5890,te
2026-10-09T00:26:18Z,10324001605,1656,te
2026-10-09T00:26:18Z,10766506199,18682,te mp pn tt uc
2026-10-09T00:26:18Z,10764415267,9498,te tt uc
2026-10-09T00:26:18Z,10514280922,647,te
2026-10-09T00:26:18Z,2640407187,1576,te
2026-10-09T00:26:18Z,9815834699,1604,te
2026-10-09T00:26:18Z,10415694629,4449,te
2026-10-09T00:26:18Z,7856039629,6932,te
2026-10-09T00:26:18Z,10529067596,1725,te
2026-10-09T00:26:18Z,8360491918,1208,te
2026-10-09T00:26:18Z,6272727021,1779,te
2026-10-09T00:26:18Z,5829613337,2596,te
2026-10-09T00:26:18Z,6118645803,419,te
2026-10-09T00:26:18Z,10589388621,371,te
2026-10-09T00:26:18Z,2711375305,68216,mp pn
2026-10-09T00:26:18Z,9294074907,11103,mp
2026-10-09T00:26:18Z,8178086002,14805,mp pn tt
2026-10-09T00:26:18Z,10744310825,12693,mp pn tt
2026-10-09T00:26:18Z,10767825538,13299,mp pn tt uc
2026-10-09T00:26:18Z,10765637643,5844,mp tt uc
2026-10-09T00:26:18Z,7948426536,6542,mp
2026-10-09T00:26:18Z,9296252245,3952,mp
2026-10-09T00:26:18Z,7554119808,17802,mp pn
2026-10-09T00:26:18Z,5283219861,7855,mp
2026-10-09T00:26:18Z,10665420648,10408,mp tt
2026-10-09T00:26:18Z,10764613327,4253,mp tt
2026-10-09T00:26:18Z,10764221401,14555,mp pn tt
2026-10-09T00:26:18Z,10057403337,10254,mp
2026-10-09T00:26:18Z,10764640833,2998,mp
2026-10-09T00:26:18Z,10278774552,4959,mp tt
2026-10-09T00:26:18Z,10767922762,6283,mp tt uc
2026-10-09T00:26:18Z,10766138478,3287,mp uc
2026-10-09T00:26:18Z,9957338123,3368,mp
2026-10-09T00:26:18Z,10765785152,31204,pn tt uc
2026-10-09T00:26:18Z,7265977477,28585,pn tt
2026-10-09T00:26:18Z,1451869528,25361,pn tt
2026-10-09T00:26:18Z,10768425253,16261,pn tt uc
2026-10-09T00:26:18Z,2157233282,16078,pn tt
2026-10-09T00:26:18Z,10649255304,14748,pn
2026-10-09T00:26:18Z,10638886777,14671,pn tt
2026-10-09T00:26:18Z,10767012496,14317,pn tt uc
2026-10-09T00:26:18Z,10030829154,14102,pn
2026-10-09T00:26:18Z,7646154613,13903,pn tt
2026-10-09T00:26:18Z,1852226622,12770,pn
2026-10-09T00:26:18Z,7005891584,12975,pn tt
2026-10-09T00:26:18Z,10768565603,5196,tt uc
2026-10-09T00:26:18Z,9774451882,1381,tt
2026-10-09T00:26:18Z,10630800860,6128,tt
2026-10-09T00:26:18Z,10742198859,11717,tt
2026-10-09T00:26:18Z,10597001332,5283,tt uc
2026-10-09T00:26:18Z,10117986107,8288,tt
2026-10-09T00:26:18Z,6818915584,1971,tt
2026-10-09T00:26:18Z,9843234816,7630,tt
2026-10-09T00:26:18Z,6128091457,7559,tt
2026-10-09T00:26:18Z,10036955953,3611,tt
2026-10-09T00:26:18Z,9825259729,6407,tt
2026-10-09T00:26:18Z,10765541201,11691,tt uc
2026-10-09T00:26:18Z,4267277633,11911,tt
2026-10-09T00:26:18Z,10399174001,7152,tt
2026-10-09T00:26:18Z,10588785840,8424,tt
2026-10-09T00:26:18Z,7453941040,8187,tt
2026-10-09T00:26:18Z,10768316438,3787,tt uc
2026-10-09T00:26:18Z,10682172994,10715,tt
2026-10-09T00:26:18Z,10247797619,10074,tt
2026-10-09T00:26:18Z,10766309747,4264,tt uc
2026-10-09T00:26:18Z,10767566226,11906,tt uc
2026-10-09T00:26:18Z,10574333980,4058,tt
2026-10-09T00:26:18Z,10575295323,6182,tt
2026-10-09T00:26:18Z,10766725034,4524,tt uc
2026-10-09T00:26:18Z,10766395909,6606,tt uc
2026-10-09T00:26:18Z,3945578236,3074,tt
2026-10-09T00:26:18Z,8869088870,4133,tt
2026-10-09T00:26:18Z,10766390665,7212,tt uc
2026-10-09T00:26:18Z,9677117262,851,tt
2026-10-09T00:26:18Z,6049736902,6256,tt
2026-10-09T00:26:18Z,10768026334,7357,tt uc
2026-10-09T00:26:18Z,10478974655,9198,tt
2026-10-09T00:26:18Z,10473810300,8503,tt
2026-10-09T00:26:18Z,10171730665,7319,tt
2026-10-09T00:26:18Z,10769396182,5100,tt uc
2026-10-09T00:26:18Z,10351850295,3223,tt
2026-10-09T00:26:18Z,7398552394,6550,tt
2026-10-09T00:26:18Z,10739112966,9498,tt
2026-10-09T00:26:18Z,6635513269,8492,tt
2026-10-09T00:26:18Z,10737986845,4443,tt
2026-10-09T00:26:18Z,6136243726,1586,tt
2026-10-09T00:26:18Z,1000233041,6724,tt
2026-10-09T00:26:18Z,10767138232,2519,uc
2026-10-09T00:26:18Z,10766439439,167,uc
2026-10-09T00:26:18Z,10767567751,6263,uc
2026-10-09T00:26:18Z,10424350877,1929,uc
2026-10-09T00:26:18Z,10767380385,3701,uc
2026-10-09T00:26:18Z,10765491459,3743,uc
2026-10-09T00:26:18Z,10766812244,5874,uc
2026-10-09T00:26:18Z,10589881655,4870,uc
2026-10-09T00:26:18Z,10768012048,3129,uc
2026-10-09T00:26:18Z,10766240516,3934,uc
2026-10-09T00:26:18Z,10766004084,2274,uc
2026-10-09T00:26:18Z,10767784294,8965,uc
2026-10-09T00:26:18Z,10765635650,7293,uc
2026-10-09T00:26:18Z,10768428243,3586,uc
2026-10-09T00:26:18Z,10766142497,4087,uc
2026-10-09T00:26:18Z,10768351352,5499,uc
2026-10-09T00:26:18Z,10766845655,2965,uc
2026-10-09T00:26:18Z,10765490774,2665,uc
2026-10-09T00:26:18Z,10766588474,2573,uc
2026-10-09T00:26:18Z,10768202113,4635,uc
2026-10-09T00:26:18Z,10765716033,3147,uc
2026-10-09T00:26:18Z,10767780358,3998,uc
2026-10-09T00:26:18Z,10308844888,1601,uc
2026-10-09T00:26:18Z,10766687030,3106,uc
2026-10-09T00:26:18Z,10765563835,1357,uc
2026-10-09T00:26:18Z,10764980068,1685,uc
2026-10-09T00:26:18Z,10766109756,888,uc
2026-10-09T00:26:18Z,10766364164,1571,uc
2026-10-09T00:26:18Z,6385532960,10,
2026-10-09T00:26:18Z,10765629453,2368,
2026-10-09T00:26:18Z,10724269636,1202,
2026-10-09T00:26:18Z,9511454418,386,
2026-10-09T00:26:18Z,10463578886,710,
2026-10-09T00:26:18Z,10534873486,2495,
2026-10-09T00:26:18Z,10447234038,603,
2026-10-09T00:26:18Z,10454554751,895,
2026-10-09T00:26:18Z,5117983607,1551,
2026-10-09T00:26:18Z,10604772590,2154,
2026-10-09T00:26:18Z,9549894418,164,
2026-10-09T00:26:18Z,2851381018,3518,
2026-10-09T00:26:18Z,7996365376,7125,
2026-10-09T00:26:18Z,1769712451,855,
2026-10-09T00:26:18Z,4049246711,8868,
2026-10-09T00:26:18Z,10091766471,1149,
2026-10-09T00:26:18Z,9522015993,2886,
2026-10-09T00:26:18Z,10335443723,2045,
2026-10-09T00:26:18Z,10603675889,1594,
2026-10-09T00:26:18Z,1359573625,3183,
2026-10-09T00:26:18Z,4452297356,6619,
2026-10-09T00:26:18Z,4924789901,4073,
2026-10-09T00:26:18Z,5633615594,1059,
2026-10-09T00:26:18Z,5903289376,996,
2026-10-09T00:26:18Z,6343995637,2157,
2026-10-09T00:26:18Z,6690355795,980,
2026-10-09T00:26:18Z,7182318649,1445,
2026-10-09T00:26:18Z,7447878628,466,
2026-10-09T00:26:18Z,7497471789,3739,
2026-10-09T00:26:18Z,7911332924,1447,
2026-10-09T00:26:18Z,7917550094,2732,
2026-10-09T00:26:18Z,8307114974,6956,
2026-10-09T00:26:18Z,8887067988,385,
2026-10-09T00:26:18Z,9199655655,9183,
2026-10-09T00:26:18Z,9840483947,1203,
2026-10-09T00:26:18Z,10064401653,345,
2026-10-09T00:26:18Z,10420832668,264,
2026-10-09T00:26:18Z,10428418645,812,
2026-10-09T00:26:18Z,10440499034,1470,
2026-10-09T00:26:18Z,10558880394,5266,
2026-10-09T00:26:18Z,10761375767,1785,
2026-10-09T00:26:18Z,10766578375,8267,
2026-10-09T02:28:06Z,10563114921,1135023,te mp pn
2026-10-09T02:28:06Z,6035872082,136439,te mp pn
2026-10-09T02:28:06Z,383310974,158360,te mp pn tt
2026-10-09T02:28:06Z,994732206,142582,te mp pn
2026-10-09T02:28:06Z,5569032992,111373,te mp pn tt
2026-10-09T02:28:06Z,5595353122,66908,te mp pn
2026-10-09T02:28:06Z,4777817887,13749,te mp pn
2026-10-09T02:28:06Z,1686885941,288695,te mp pn
2026-10-09T02:28:06Z,66654135,170507,te mp pn
2026-10-09T02:28:06Z,7326934954,151739,te mp pn tt
2026-10-09T02:28:06Z,9584852943,43065,te mp pn
2026-10-09T02:28:06Z,3508322461,124257,te mp pn
2026-10-09T02:28:06Z,5750914919,59822,te mp pn
2026-10-09T02:28:06Z,5203828273,43419,te mp pn
2026-10-09T02:28:06Z,10765012427,12723,te mp pn tt
2026-10-09T02:28:06Z,10035204815,62783,te mp pn
2026-10-09T02:28:06Z,7709344486,84839,te mp pn
2026-10-09T02:28:06Z,3317771874,45194,te pn
2026-10-09T02:28:06Z,6331902150,59686,te mp pn
2026-10-09T02:28:06Z,2440500124,32384,te mp pn tt
2026-10-09T02:28:06Z,6931042565,48069,te mp pn tt
2026-10-09T02:28:06Z,10684750879,29236,te mp pn
2026-10-09T02:28:06Z,10732236937,12042,te pn
2026-10-09T02:28:06Z,5995470825,21483,te mp pn
2026-10-09T02:28:06Z,10148749921,26716,te mp pn
2026-10-09T02:28:06Z,88070565,28319,te pn
2026-10-09T02:28:06Z,2619619496,28068,te mp pn
2026-10-09T02:28:06Z,10764627709,98195,te mp pn tt uc
2026-10-09T02:28:06Z,9534705677,16172,te mp pn tt
2026-10-09T02:28:06Z,10708913337,52547,te mp pn
2026-10-09T02:28:06Z,1176784616,9380,te
2026-10-09T02:28:06Z,10685282333,32080,te mp pn tt
2026-10-09T02:28:06Z,10258991999,16548,te mp pn
2026-10-09T02:28:06Z,3808081382,46430,te mp pn
2026-10-09T02:28:06Z,3990106548,7594,te
2026-10-09T02:28:06Z,10436530264,18310,te pn tt
2026-10-09T02:28:06Z,1831550657,16105,te pn
2026-10-09T02:28:06Z,648454481,16144,te pn
2026-10-09T02:28:06Z,1516533665,14973,te mp pn
2026-10-09T02:28:06Z,10173311467,9125,te mp
2026-10-09T02:28:06Z,578392296,16722,te pn
2026-10-09T02:28:06Z,10765298801,29765,te mp pn tt uc
2026-10-09T02:28:06Z,1235188606,5148,te
2026-10-09T02:28:06Z,3541611379,4341,te
2026-10-09T02:28:06Z,10756011174,10899,te mp
2026-10-09T02:28:06Z,9837612476,7593,te
2026-10-09T02:28:06Z,7585140258,12457,te mp pn
2026-10-09T02:28:06Z,10737656087,8222,te
2026-10-09T02:28:06Z,4750561026,6691,te
2026-10-09T02:28:06Z,903807016,6523,te
2026-10-09T02:28:06Z,1202096104,19057,te mp pn
2026-10-09T02:28:06Z,184199275,20442,te pn
2026-10-09T02:28:06Z,9891331827,4678,te
2026-10-09T02:28:06Z,7219654364,76322,te mp pn
2026-10-09T02:28:06Z,10282097014,15508,te pn tt uc
2026-10-09T02:28:06Z,3647333358,27734,te mp pn
2026-10-09T02:28:06Z,9855761734,7395,te
2026-10-09T02:28:06Z,10261267004,11951,te pn
2026-10-09T02:28:06Z,9931749389,5801,te
2026-10-09T02:28:06Z,7436755782,15088,te mp pn
2026-10-09T02:28:06Z,10667357873,8001,te tt
2026-10-09T02:28:06Z,1526814825,5941,te
2026-10-09T02:28:06Z,10765288803,69970,te mp pn tt uc
2026-10-09T02:28:06Z,10700618962,8647,te
2026-10-09T02:28:06Z,6765805766,23271,te pn
2026-10-09T02:28:06Z,6749060816,5068,te
2026-10-09T02:28:06Z,4658598196,12199,te pn
2026-10-09T02:28:06Z,7008097940,9744,te
2026-10-09T02:28:06Z,4673599750,1816,te
2026-10-09T02:28:06Z,7633926880,5015,te
2026-10-09T02:28:06Z,7028566528,7563,te
2026-10-09T02:28:06Z,6325068386,15256,te pn
2026-10-09T02:28:06Z,1016936714,4258,te
2026-10-09T02:28:06Z,8719555347,12033,te mp pn
2026-10-09T02:28:06Z,10624691669,9411,te mp
2026-10-09T02:28:06Z,6701277882,68741,te pn
2026-10-09T02:28:06Z,7089588429,14544,te mp pn tt
2026-10-09T02:28:06Z,7264587281,3273,te
2026-10-09T02:28:06Z,601130232,24171,te pn
2026-10-09T02:28:06Z,10643795368,4347,te
2026-10-09T02:28:06Z,321778215,7239,te
2026-10-09T02:28:06Z,2682938349,3638,te
2026-10-09T02:28:06Z,850110028,4510,te
2026-10-09T02:28:06Z,1525626450,4942,te
2026-10-09T02:28:06Z,5361032378,30579,te pn
2026-10-09T02:28:06Z,4991126644,1365,te
2026-10-09T02:28:06Z,10512942223,36086,te pn tt uc
2026-10-09T02:28:06Z,371263894,6349,te
2026-10-09T02:28:06Z,10741792653,2227,te
2026-10-09T02:28:06Z,2992873140,1231,te
2026-10-09T02:28:06Z,4931927012,4841,te
2026-10-09T02:28:06Z,10004244222,9727,te mp
2026-10-09T02:28:06Z,5578556129,22451,te pn
2026-10-09T02:28:06Z,10155360168,47063,te mp pn
2026-10-09T02:28:06Z,10399136326,12071,te mp pn
2026-10-09T02:28:06Z,10636331438,6193,te
2026-10-09T02:28:06Z,1278035280,5641,te
2026-10-09T02:28:06Z,1946714362,2207,te
2026-10-09T02:28:06Z,8520148363,3581,te
2026-10-09T02:28:06Z,6682487255,4792,te
2026-10-09T02:28:06Z,5166944221,4593,te
2026-10-09T02:28:06Z,2783797267,12134,te pn
2026-10-09T02:28:06Z,9641502068,7759,te mp
2026-10-09T02:28:06Z,6760085372,4626,te
2026-10-09T02:28:06Z,2380077519,6750,te
2026-10-09T02:28:06Z,2251388500,2020,te
2026-10-09T02:28:06Z,7395930870,10229,te
2026-10-09T02:28:06Z,10550257968,10274,te mp tt
2026-10-09T02:28:06Z,10039889230,4293,te
2026-10-09T02:28:06Z,10231502419,2722,te
2026-10-09T02:28:06Z,9051406594,8015,te
2026-10-09T02:28:06Z,6945584306,11156,te pn
2026-10-09T02:28:06Z,1268927906,5347,te
2026-10-09T02:28:06Z,6061766680,4102,te
2026-10-09T02:28:06Z,10200395747,2551,te
2026-10-09T02:28:06Z,10431718987,2567,te
2026-10-09T02:28:06Z,10681914462,13967,te mp pn
2026-10-09T02:28:06Z,3183403065,1926,te
2026-10-09T02:28:06Z,9978329815,17526,te mp pn
2026-10-09T02:28:06Z,3240075297,34224,te mp pn
2026-10-09T02:28:06Z,245662005,6249,te
2026-10-09T02:28:06Z,9796898051,8790,te
2026-10-09T02:28:06Z,10532995815,4330,te
2026-10-09T02:28:06Z,4839802560,26176,te mp pn
2026-10-09T02:28:06Z,9872734936,4806,te
2026-10-09T02:28:06Z,7108384194,7254,te
2026-10-09T02:28:06Z,3012965062,4320,te
2026-10-09T02:28:06Z,10748543623,3274,te
2026-10-09T02:28:06Z,10766812776,4216,te uc
2026-10-09T02:28:06Z,3936365689,1545,te
2026-10-09T02:28:06Z,10526853622,6678,te
2026-10-09T02:28:06Z,10742937135,4483,te tt
2026-10-09T02:28:06Z,10764887435,1073,te
2026-10-09T02:28:06Z,3405618667,2485,te
2026-10-09T02:28:06Z,6521100398,21485,te mp pn tt
2026-10-09T02:28:06Z,10766008884,7041,te uc
2026-10-09T02:28:06Z,10765582175,12288,te pn tt uc
2026-10-09T02:28:06Z,10529769390,6176,te
2026-10-09T02:28:06Z,10246108265,2734,te
2026-10-09T02:28:06Z,6336741296,1829,te
2026-10-09T02:28:06Z,1390601379,1877,te
2026-10-09T02:28:06Z,7883776681,5232,te
2026-10-09T02:28:06Z,10753751277,7862,te
2026-10-09T02:28:06Z,10717002748,3720,te
2026-10-09T02:28:06Z,10440833423,1863,te
2026-10-09T02:28:06Z,7094518649,6382,te
2026-10-09T02:28:06Z,4987856151,5029,te tt
2026-10-09T02:28:06Z,10634461028,1712,te mp
2026-10-09T02:28:06Z,10740316645,7589,te
2026-10-09T02:28:06Z,10741654282,10552,te
2026-10-09T02:28:06Z,10764533320,3695,te
2026-10-09T02:28:06Z,10759337137,4297,te
2026-10-09T02:28:06Z,210851291,10028,te
2026-10-09T02:28:06Z,9970645639,6120,te
2026-10-09T02:28:06Z,9910245722,2755,te
2026-10-09T02:28:06Z,10552240401,3794,te
2026-10-09T02:28:06Z,9551044479,2858,te
2026-10-09T02:28:06Z,10762388019,6153,te mp
2026-10-09T02:28:06Z,10577588270,2357,te
2026-10-09T02:28:06Z,10759638075,5052,te
2026-10-09T02:28:06Z,4568630521,4649,te
2026-10-09T02:28:06Z,1802741133,1928,te
2026-10-09T02:28:06Z,10321202755,6420,te
2026-10-09T02:28:06Z,9880286438,5961,te
2026-10-09T02:28:06Z,10766056678,19301,te mp pn tt uc
2026-10-09T02:28:06Z,10675117523,12176,te pn
2026-10-09T02:28:06Z,5650396773,7475,te
2026-10-09T02:28:06Z,2527789729,2185,te
2026-10-09T02:28:06Z,7265339759,940,te
2026-10-09T02:28:06Z,8524572339,3150,te
2026-10-09T02:28:06Z,4348829796,6750,te
2026-10-09T02:28:06Z,10230942274,6629,te
2026-10-09T02:28:06Z,6174994284,2294,te
2026-10-09T02:28:06Z,2788648141,1503,te
2026-10-09T02:28:06Z,6726637224,2806,te
2026-10-09T02:28:06Z,10762757054,5442,te mp
2026-10-09T02:28:06Z,10673920146,15590,te mp pn tt
2026-10-09T02:28:06Z,9561553764,10407,te mp
2026-10-09T02:28:06Z,10648640958,3330,te
2026-10-09T02:28:06Z,10765686447,12249,te mp pn tt uc
2026-10-09T02:28:06Z,3110388936,2250,te
2026-10-09T02:28:06Z,10761687472,8037,te mp
2026-10-09T02:28:06Z,4420562665,11349,te pn
2026-10-09T02:28:06Z,10541331578,1086,te
2026-10-09T02:28:06Z,10765013362,6888,te
2026-10-09T02:28:06Z,4730278139,10277,te
2026-10-09T02:28:06Z,7673659635,1599,te
2026-10-09T02:28:06Z,6504986360,6751,te
2026-10-09T02:28:06Z,1451439645,5683,te
2026-10-09T02:28:06Z,10430019389,5452,te
2026-10-09T02:28:06Z,703124385,11020,te mp pn
2026-10-09T02:28:06Z,10764897725,10783,te mp
2026-10-09T02:28:06Z,1494262959,1699,te
2026-10-09T02:28:06Z,10424107160,2914,te
2026-10-09T02:28:06Z,10765091041,3255,te uc
2026-10-09T02:28:06Z,5422546686,1710,te
2026-10-09T02:28:06Z,5026122481,3551,te
2026-10-09T02:28:06Z,65241,9068,te mp
2026-10-09T02:28:06Z,985731078,1672,te
2026-10-09T02:28:06Z,7703614594,3437,te
2026-10-09T02:28:06Z,10552540426,1299,te
2026-10-09T02:28:06Z,31970568,2838,te
2026-10-09T02:28:06Z,10766721625,11716,te mp pn tt uc
2026-10-09T02:28:06Z,3164075108,2466,te
2026-10-09T02:28:06Z,9656201728,1247,te
2026-10-09T02:28:06Z,8640389608,321,te
2026-10-09T02:28:06Z,7018190066,12710,te pn
2026-10-09T02:28:06Z,9167377564,12556,te mp pn
2026-10-09T02:28:06Z,10268960646,2102,te
2026-10-09T02:28:06Z,10144280947,6572,te mp
2026-10-09T02:28:06Z,10371406677,3450,te
2026-10-09T02:28:06Z,9582986239,3008,te
2026-10-09T02:28:06Z,10572887321,2537,te
2026-10-09T02:28:06Z,10765950109,3521,te
2026-10-09T02:28:06Z,10199301628,5809,te
2026-10-09T02:28:06Z,8618660961,1251,te
2026-10-09T02:28:06Z,2936053166,11492,te mp pn
2026-10-09T02:28:06Z,10415845204,2380,te
2026-10-09T02:28:06Z,1271059807,2108,te
2026-10-09T02:28:06Z,10475794799,2392,te
2026-10-09T02:28:06Z,6774320049,10699,te mp
2026-10-09T02:28:06Z,9788139379,2422,te
2026-10-09T02:28:06Z,10648555380,253,te
2026-10-09T02:28:06Z,10765167636,3019,te
2026-10-09T02:28:06Z,10628526114,2067,te
2026-10-09T02:28:06Z,10031562156,3553,te
2026-10-09T02:28:06Z,9348272796,5305,te
2026-10-09T02:28:06Z,7970033072,1348,te
2026-10-09T02:28:06Z,6739698191,34156,te mp pn
2026-10-09T02:28:06Z,10764479526,3511,te
2026-10-09T02:28:06Z,7613921865,6101,te
2026-10-09T02:28:06Z,9662130710,2099,te
2026-10-09T02:28:06Z,1008451066,2950,te
2026-10-09T02:28:06Z,10539411000,7781,te
2026-10-09T02:28:06Z,4983034985,5280,te
2026-10-09T02:28:06Z,21164849,3216,te
2026-10-09T02:28:06Z,9950184599,831,te
2026-10-09T02:28:06Z,9312646406,1609,te
2026-10-09T02:28:06Z,274816972,1888,te
2026-10-09T02:28:06Z,1054526971,3869,te
2026-10-09T02:28:06Z,7143545906,701,te
2026-10-09T02:28:06Z,8841437826,1589,te
2026-10-09T02:28:06Z,9885372266,3870,te
2026-10-09T02:28:06Z,7488668004,7235,te
2026-10-09T02:28:06Z,113491250,2874,te
2026-10-09T02:28:06Z,4457060041,203,te
2026-10-09T02:28:06Z,2668101271,21508,te mp pn
2026-10-09T02:28:06Z,7629331599,4646,te
2026-10-09T02:28:06Z,547524060,4554,te tt
2026-10-09T02:28:06Z,4949420752,25208,te mp pn
2026-10-09T02:28:06Z,9735583968,2266,te
2026-10-09T02:28:06Z,4342047058,9480,te
2026-10-09T02:28:06Z,10504918958,1636,te
2026-10-09T02:28:06Z,4793836769,3002,te
2026-10-09T02:28:06Z,10761143648,465,te
2026-10-09T02:28:06Z,10765190004,4583,te
2026-10-09T02:28:06Z,6593476325,1681,te
2026-10-09T02:28:06Z,10116272705,6809,te
2026-10-09T02:28:06Z,10124403207,1192,te
2026-10-09T02:28:06Z,2822776643,4555,te
2026-10-09T02:28:06Z,10739044772,2149,te
2026-10-09T02:28:06Z,10533638982,1653,te
2026-10-09T02:28:06Z,9826885587,4101,te
2026-10-09T02:28:06Z,7761516673,1143,te
2026-10-09T02:28:06Z,73885730,7184,te
2026-10-09T02:28:06Z,10762636904,1755,te
2026-10-09T02:28:06Z,8829204428,1491,te
2026-10-09T02:28:06Z,47545,4267,te
2026-10-09T02:28:06Z,10763764817,6583,te mp
2026-10-09T02:28:06Z,2309918273,1212,te
2026-10-09T02:28:06Z,10144587520,3962,te
2026-10-09T02:28:06Z,5026970880,1971,te
2026-10-09T02:28:06Z,10561166339,7552,te
2026-10-09T02:28:06Z,6048923315,948,te
2026-10-09T02:28:06Z,3747388906,638,te
2026-10-09T02:28:06Z,7934320560,1740,te
2026-10-09T02:28:06Z,10310999762,3235,te
2026-10-09T02:28:06Z,10031505426,3784,te
2026-10-09T02:28:06Z,10452740285,1977,te
2026-10-09T02:28:06Z,8198412649,944,te
2026-10-09T02:28:06Z,10762175328,176,te
2026-10-09T02:28:06Z,7661378108,919,te
2026-10-09T02:28:06Z,4497460596,748,te
2026-10-09T02:28:06Z,1511883870,3040,te
2026-10-09T02:28:06Z,1742264997,1310,te
2026-10-09T02:28:06Z,9491545867,6317,te tt
2026-10-09T02:28:06Z,10138624079,5941,te
2026-10-09T02:28:06Z,4778845442,2756,te
2026-10-09T02:28:06Z,10309128556,1080,te
2026-10-09T02:28:06Z,3308103880,6274,te
2026-10-09T02:28:06Z,10765708310,578,te
2026-10-09T02:28:06Z,7738524573,1472,te
2026-10-09T02:28:06Z,9073513091,1389,te
2026-10-09T02:28:06Z,4938220315,1053,te
2026-10-09T02:28:06Z,6858584271,1544,te
2026-10-09T02:28:06Z,2350840700,674,te
2026-10-09T02:28:06Z,10338952197,4340,te
2026-10-09T02:28:06Z,540382210,1198,te
2026-10-09T02:28:06Z,9908641400,7578,te
2026-10-09T02:28:06Z,2862098693,2106,te
2026-10-09T02:28:06Z,1782832995,1227,te
2026-10-09T02:28:06Z,7450497506,2100,te
2026-10-09T02:28:06Z,6161049307,4576,te
2026-10-09T02:28:06Z,10393438342,3002,te
2026-10-09T02:28:06Z,10608856704,4388,te mp tt
2026-10-09T02:28:06Z,98929893,1605,te
2026-10-09T02:28:06Z,9112256336,915,te
2026-10-09T02:28:06Z,10411998017,2042,te
2026-10-09T02:28:06Z,6786784563,1591,te
2026-10-09T02:28:06Z,10593319486,646,te
2026-10-09T02:28:06Z,10739137760,8094,te
2026-10-09T02:28:06Z,10765751583,1477,te tt
2026-10-09T02:28:06Z,10767408330,14346,te pn tt uc
2026-10-09T02:28:06Z,10501944811,1424,te
2026-10-09T02:28:06Z,10765279487,1562,te
2026-10-09T02:28:06Z,6375110339,1749,te
2026-10-09T02:28:06Z,10759430423,2877,te
2026-10-09T02:28:06Z,10249209189,639,te
2026-10-09T02:28:06Z,3837114739,682,te
2026-10-09T02:28:06Z,7274244096,4035,te
2026-10-09T02:28:06Z,10767582899,4315,te
2026-10-09T02:28:06Z,10195997258,1780,te
2026-10-09T02:28:06Z,10075660664,300,te
2026-10-09T02:28:06Z,372226183,20098,te mp pn
2026-10-09T02:28:06Z,10765902945,4618,te
2026-10-09T02:28:06Z,9098570654,6127,te
2026-10-09T02:28:06Z,6215986499,633,te
2026-10-09T02:28:06Z,9765324104,1019,te
2026-10-09T02:28:06Z,8964956538,2148,te
2026-10-09T02:28:06Z,97314177,1440,te
2026-10-09T02:28:06Z,3734304510,1981,te
2026-10-09T02:28:06Z,10698216738,2858,te
2026-10-09T02:28:06Z,5125369493,1007,te
2026-10-09T02:28:06Z,3730079862,4414,te
2026-10-09T02:28:06Z,4582358979,1527,te
2026-10-09T02:28:06Z,9317784977,1114,te
2026-10-09T02:28:06Z,10209534490,2520,te
2026-10-09T02:28:06Z,10759478428,2897,te
2026-10-09T02:28:06Z,10765153945,5584,te mp tt uc
2026-10-09T02:28:06Z,10226261982,3570,te
2026-10-09T02:28:06Z,9362896961,3003,te
2026-10-09T02:28:06Z,10765579304,1024,te
2026-10-09T02:28:06Z,10631775021,2655,te
2026-10-09T02:28:06Z,10057343903,1886,te
2026-10-09T02:28:06Z,10445832507,956,te
2026-10-09T02:28:06Z,6505338302,3841,te
2026-10-09T02:28:06Z,10759594563,2399,te
2026-10-09T02:28:06Z,10765067592,5029,te
2026-10-09T02:28:06Z,10566677406,3688,te
2026-10-09T02:28:06Z,10187294555,1639,te
2026-10-09T02:28:06Z,10766494202,452,te
2026-10-09T02:28:06Z,10761375938,1635,te
2026-10-09T02:28:06Z,2471084,4986,te
2026-10-09T02:28:06Z,10455462279,2521,te
2026-10-09T02:28:06Z,9940812243,2498,te
2026-10-09T02:28:06Z,10767240772,4355,te tt uc
2026-10-09T02:28:06Z,10404519332,1689,te
2026-10-09T02:28:06Z,911750776,2317,te
2026-10-09T02:28:06Z,9363735110,3045,te
2026-10-09T02:28:06Z,10439568447,3260,te
2026-10-09T02:28:06Z,6443367640,5697,te
2026-10-09T02:28:06Z,10612017628,2855,te
2026-10-09T02:28:06Z,6100103590,691,te
2026-10-09T02:28:06Z,4540138978,9097,te
2026-10-09T02:28:06Z,10336278580,1825,te
2026-10-09T02:28:06Z,3457700596,2328,te
2026-10-09T02:28:06Z,7960300951,2925,te
2026-10-09T02:28:06Z,10764839604,3872,te
2026-10-09T02:28:06Z,10410945205,2146,te
2026-10-09T02:28:06Z,10765122642,4581,te
2026-10-09T02:28:06Z,10310563053,3760,te
2026-10-09T02:28:06Z,10502841145,10320,te
2026-10-09T02:28:06Z,5576955991,941,te
2026-10-09T02:28:06Z,4165164803,5267,te
2026-10-09T02:28:06Z,4193032947,1057,te
2026-10-09T02:28:06Z,10701628624,6518,te mp tt
2026-10-09T02:28:06Z,10768462078,2753,te
2026-10-09T02:28:06Z,10514223296,1734,te
2026-10-09T02:28:06Z,10648820673,5281,te
2026-10-09T02:28:06Z,5265857965,3965,te
2026-10-09T02:28:06Z,10069043526,2014,te
2026-10-09T02:28:06Z,5272606478,1410,te
2026-10-09T02:28:06Z,10471583973,1911,te
2026-10-09T02:28:06Z,10765906597,3559,te uc
2026-10-09T02:28:06Z,7884563721,1028,te
2026-10-09T02:28:06Z,9949288829,898,te
2026-10-09T02:28:06Z,4130569984,1083,te
2026-10-09T02:28:06Z,3808223175,1174,te
2026-10-09T02:28:06Z,10389762549,1075,te
2026-10-09T02:28:06Z,10223976219,3023,te
2026-10-09T02:28:06Z,9324081218,142,te
2026-10-09T02:28:06Z,4263576532,1480,te
2026-10-09T02:28:06Z,7843413523,1841,te
2026-10-09T02:28:06Z,7750955984,1034,te
2026-10-09T02:28:06Z,8906870648,1071,te
2026-10-09T02:28:06Z,10761884278,220,te
2026-10-09T02:28:06Z,110181652,2001,te
2026-10-09T02:28:06Z,7787359931,879,te
2026-10-09T02:28:06Z,2139712082,578,te
2026-10-09T02:28:06Z,10263732883,1802,te
2026-10-09T02:28:06Z,3873871110,1541,te
2026-10-09T02:28:06Z,10737231383,1617,te
2026-10-09T02:28:06Z,10485201326,1982,te
2026-10-09T02:28:06Z,6770632849,865,te
2026-10-09T02:28:06Z,10768176407,5117,te uc
2026-10-09T02:28:06Z,10460801145,14481,te mp pn
2026-10-09T02:28:06Z,3365661357,684,te
2026-10-09T02:28:06Z,10768023539,16189,te pn tt uc
2026-10-09T02:28:06Z,9150731899,1171,te
2026-10-09T02:28:06Z,10764404786,1206,te
2026-10-09T02:28:06Z,605887098,2302,te
2026-10-09T02:28:06Z,4723764956,12535,te pn
2026-10-09T02:28:06Z,10298144467,1800,te
2026-10-09T02:28:06Z,6751447237,1889,te
2026-10-09T02:28:06Z,10766349481,2364,te tt uc
2026-10-09T02:28:06Z,10769043472,963,te
2026-10-09T02:28:06Z,6466404775,3005,te
2026-10-09T02:28:06Z,10390151142,1066,te
2026-10-09T02:28:06Z,9067189974,2504,te
2026-10-09T02:28:06Z,3419284255,2309,te
2026-10-09T02:28:06Z,5091490171,1979,te
2026-10-09T02:28:06Z,4925331346,3406,te
2026-10-09T02:28:06Z,10757704931,2073,te uc
2026-10-09T02:28:06Z,10593482707,2742,te
2026-10-09T02:28:06Z,9141743926,2525,te
2026-10-09T02:28:06Z,7474367816,3573,te
2026-10-09T02:28:06Z,5812546130,486,te
2026-10-09T02:28:06Z,98839997,278,te
2026-10-09T02:28:06Z,9296042754,4600,te
2026-10-09T02:28:06Z,9382839773,1582,te
2026-10-09T02:28:06Z,6619936488,1586,te
2026-10-09T02:28:06Z,4263371487,838,te
2026-10-09T02:28:06Z,9996384072,1164,te
2026-10-09T02:28:06Z,7665084235,310,te
2026-10-09T02:28:06Z,8246907060,727,te
2026-10-09T02:28:06Z,10761200080,1250,te
2026-10-09T02:28:06Z,4079077350,589,te
2026-10-09T02:28:06Z,7359962123,3106,te
2026-10-09T02:28:06Z,1531130248,3133,te
2026-10-09T02:28:06Z,9169166771,1186,te
2026-10-09T02:28:06Z,9091734830,695,te
2026-10-09T02:28:06Z,6324644175,4235,te
2026-10-09T02:28:06Z,5972059550,1456,te
2026-10-09T02:28:06Z,10764297006,4380,te
2026-10-09T02:28:06Z,10153098880,1529,te
2026-10-09T02:28:06Z,10766064142,1016,te
2026-10-09T02:28:06Z,10590260635,2049,te
2026-10-09T02:28:06Z,4201418016,460,te
2026-10-09T02:28:06Z,10714746778,5627,te
2026-10-09T02:28:06Z,7332711118,1620,te
2026-10-09T02:28:06Z,10767634248,17142,te mp pn tt uc
2026-10-09T02:28:06Z,10603011269,1141,te
2026-10-09T02:28:06Z,10764883692,833,te
2026-10-09T02:28:06Z,6170143659,3890,te
2026-10-09T02:28:06Z,7058980030,4194,te
2026-10-09T02:28:06Z,7178032757,4752,te
2026-10-09T02:28:06Z,10598688389,2541,te
2026-10-09T02:28:06Z,10376944238,4108,te
2026-10-09T02:28:06Z,4666414595,534,te
2026-10-09T02:28:06Z,4293374620,11635,te mp pn
2026-10-09T02:28:06Z,10767824942,7831,te uc
2026-10-09T02:28:06Z,10553704684,4439,te
2026-10-09T02:28:06Z,10759518799,5648,te
2026-10-09T02:28:06Z,10324001605,2272,te
2026-10-09T02:28:06Z,10766506199,15336,te mp pn tt uc
2026-10-09T02:28:06Z,10764415267,2977,te uc
2026-10-09T02:28:06Z,10514280922,682,te
2026-10-09T02:28:06Z,2640407187,2373,te
2026-10-09T02:28:06Z,9815834699,1439,te
2026-10-09T02:28:06Z,10415694629,4285,te
2026-10-09T02:28:06Z,7856039629,6121,te
2026-10-09T02:28:06Z,10529067596,1458,te
2026-10-09T02:28:06Z,8360491918,1325,te
2026-10-09T02:28:06Z,6272727021,1753,te
2026-10-09T02:28:06Z,5829613337,2638,te
2026-10-09T02:28:06Z,6118645803,442,te
2026-10-09T02:28:06Z,10589388621,412,te
2026-10-09T02:28:06Z,2711375305,66119,mp pn
2026-10-09T02:28:06Z,9294074907,13896,mp pn
2026-10-09T02:28:06Z,8178086002,16422,mp pn tt
2026-10-09T02:28:06Z,10744310825,11702,mp pn tt
2026-10-09T02:28:06Z,10767825538,6616,mp tt uc
2026-10-09T02:28:06Z,10765637643,8998,mp tt uc
2026-10-09T02:28:06Z,7948426536,4787,mp
2026-10-09T02:28:06Z,9296252245,6404,mp
2026-10-09T02:28:06Z,7554119808,18444,mp pn
2026-10-09T02:28:06Z,5283219861,8442,mp
2026-10-09T02:28:06Z,10665420648,9386,mp tt
2026-10-09T02:28:06Z,10764613327,3367,mp tt
2026-10-09T02:28:06Z,10764221401,6898,mp tt
2026-10-09T02:28:06Z,10057403337,7243,mp
2026-10-09T02:28:06Z,10764640833,2439,mp
2026-10-09T02:28:06Z,10278774552,7593,mp tt
2026-10-09T02:28:06Z,10767922762,7779,mp tt uc
2026-10-09T02:28:06Z,10766138478,5973,mp uc
2026-10-09T02:28:06Z,9957338123,4725,mp
2026-10-09T02:28:06Z,10768565603,20739,pn tt uc
2026-10-09T02:28:06Z,10768425253,15452,pn tt uc
2026-10-09T02:28:06Z,1852226622,11432,pn
2026-10-09T02:28:06Z,5039839070,11124,pn
2026-10-09T02:28:06Z,7265977477,4202,tt
2026-10-09T02:28:06Z,10765785152,1669,tt uc
2026-10-09T02:28:06Z,1451869528,2874,tt
2026-10-09T02:28:06Z,9774451882,1915,tt
2026-10-09T02:28:06Z,7646154613,2364,tt
2026-10-09T02:28:06Z,10742198859,680,tt
2026-10-09T02:28:06Z,10117986107,1458,tt
2026-10-09T02:28:06Z,10597001332,3169,tt uc
2026-10-09T02:28:06Z,6818915584,1283,tt
2026-10-09T02:28:06Z,9843234816,1038,tt
2026-10-09T02:28:06Z,6128091457,3233,tt
2026-10-09T02:28:06Z,2157233282,924,tt
2026-10-09T02:28:06Z,7005891584,1875,tt
2026-10-09T02:28:06Z,10765541201,3026,tt uc
2026-10-09T02:28:06Z,4267277633,1634,tt
2026-10-09T02:28:06Z,10036955953,3361,tt
2026-10-09T02:28:06Z,9825259729,6164,tt
2026-10-09T02:28:06Z,10030829154,2740,tt
2026-10-09T02:28:06Z,10399174001,5071,tt
2026-10-09T02:28:06Z,10588785840,726,tt
2026-10-09T02:28:06Z,10682172994,1453,tt
2026-10-09T02:28:06Z,7453941040,2923,tt
2026-10-09T02:28:06Z,10247797619,1495,tt
2026-10-09T02:28:06Z,10638886777,6898,tt
2026-10-09T02:28:06Z,10767566226,8159,tt uc
2026-10-09T02:28:06Z,10574333980,225,tt
2026-10-09T02:28:06Z,10768316438,7484,tt uc
2026-10-09T02:28:06Z,10766309747,3891,tt uc
2026-10-09T02:28:06Z,10575295323,4332,tt
2026-10-09T02:28:06Z,10766395909,4815,tt uc
2026-10-09T02:28:06Z,10766725034,7917,tt uc
2026-10-09T02:28:06Z,10766390665,2011,tt uc
2026-10-09T02:28:06Z,8869088870,1948,tt
2026-10-09T02:28:06Z,6049736902,1569,tt
2026-10-09T02:28:06Z,3945578236,5462,tt
2026-10-09T02:28:06Z,10767012496,9985,tt uc
2026-10-09T02:28:06Z,10473810300,1482,tt
2026-10-09T02:28:06Z,9677117262,504,tt
2026-10-09T02:28:06Z,10171730665,835,tt
2026-10-09T02:28:06Z,10768026334,10394,tt uc
2026-10-09T02:28:06Z,10478974655,5185,tt
2026-10-09T02:28:06Z,10351850295,1233,tt
2026-10-09T02:28:06Z,10769396182,4079,tt uc
2026-10-09T02:28:06Z,6635513269,4633,tt
2026-10-09T02:28:06Z,7398552394,6011,tt
2026-10-09T02:28:06Z,10739112966,7463,tt
2026-10-09T02:28:06Z,1000233041,8641,tt
2026-10-09T02:28:06Z,10737986845,6270,tt
2026-10-09T02:28:06Z,6136243726,2841,tt
2026-10-09T02:28:06Z,10751572992,428,tt
2026-10-09T02:28:06Z,10767138232,1942,uc
2026-10-09T02:28:06Z,10767567751,8390,uc
2026-10-09T02:28:06Z,10766439439,304,uc
2026-10-09T02:28:06Z,10424350877,2437,uc
2026-10-09T02:28:06Z,10766812244,668,uc
2026-10-09T02:28:06Z,10767380385,5874,uc
2026-10-09T02:28:06Z,10768012048,2164,uc
2026-10-09T02:28:06Z,10765491459,6160,uc
2026-10-09T02:28:06Z,10589881655,2265,uc
2026-10-09T02:28:06Z,10766240516,6780,uc
2026-10-09T02:28:06Z,10768351352,1432,uc
2026-10-09T02:28:06Z,10767784294,10367,uc
2026-10-09T02:28:06Z,10766004084,1943,uc
2026-10-09T02:28:06Z,10765635650,3745,uc
2026-10-09T02:28:06Z,10766142497,2751,uc
2026-10-09T02:28:06Z,10768428243,3272,uc
2026-10-09T02:28:06Z,10766588474,2607,uc
2026-10-09T02:28:06Z,10768202113,4665,uc
2026-10-09T02:28:06Z,10766845655,4474,uc
2026-10-09T02:28:06Z,10765490774,6513,uc
2026-10-09T02:28:06Z,10765716033,1103,uc
2026-10-09T02:28:06Z,10767780358,3628,uc
2026-10-09T02:28:06Z,10212081143,1039,uc
2026-10-09T02:28:06Z,10308844888,4117,uc
2026-10-09T02:28:06Z,10766687030,3397,uc
2026-10-09T02:28:06Z,10765563835,2300,uc
2026-10-09T02:28:06Z,10764980068,2658,uc
2026-10-09T02:28:06Z,6385532960,16,
2026-10-09T02:28:06Z,10765629453,721,
2026-10-09T02:28:06Z,10724269636,1561,
2026-10-09T02:28:06Z,9511454418,384,
2026-10-09T02:28:06Z,10463578886,720,
2026-10-09T02:28:06Z,10534873486,3843,
2026-10-09T02:28:06Z,10447234038,421,
2026-10-09T02:28:06Z,10454554751,968,
2026-10-09T02:28:06Z,5117983607,1566,
2026-10-09T02:28:06Z,10604772590,1623,
2026-10-09T02:28:06Z,9549894418,135,
2026-10-09T02:28:06Z,2851381018,5656,
2026-10-09T02:28:06Z,7996365376,6737,
2026-10-09T02:28:06Z,1769712451,747,
2026-10-09T02:28:06Z,4049246711,7200,
2026-10-09T02:28:06Z,10649255304,4166,
2026-10-09T02:28:06Z,10630800860,10632,
2026-10-09T02:28:06Z,10091766471,1490,
2026-10-09T02:28:06Z,9522015993,1343,
2026-10-09T02:28:06Z,10335443723,940,
2026-10-09T02:28:06Z,10603675889,3440,
2026-10-09T02:28:06Z,10766364164,2515,
2026-10-09T02:28:06Z,10766109756,1690,
2026-10-09T02:28:06Z,1359573625,2886,
2026-10-09T02:28:06Z,4452297356,6519,
2026-10-09T02:28:06Z,4924789901,4202,
2026-10-09T02:28:06Z,5633615594,1349,
2026-10-09T02:28:06Z,5903289376,1161,
2026-10-09T02:28:06Z,6343995637,1998,
2026-10-09T02:28:06Z,6690355795,1038,
2026-10-09T02:28:06Z,7182318649,1488,
2026-10-09T02:28:06Z,7447878628,253,
2026-10-09T02:28:06Z,7497471789,3666,
2026-10-09T02:28:06Z,7911332924,1715,
2026-10-09T02:28:06Z,7917550094,2102,
2026-10-09T02:28:06Z,8307114974,6754,
2026-10-09T02:28:06Z,8887067988,258,
2026-10-09T02:28:06Z,9199655655,9343,
2026-10-09T02:28:06Z,9840483947,1499,
2026-10-09T02:28:06Z,10064401653,410,
2026-10-09T02:28:06Z,10420832668,301,
2026-10-09T02:28:06Z,10428418645,926,
2026-10-09T02:28:06Z,10440499034,1641,
2026-10-09T02:28:06Z,10558880394,5256,
2026-10-09T02:28:06Z,10761375767,1795,
2026-10-09T02:28:06Z,10766578375,7671,
2026-10-09T02:30:04Z,10563114921,1127038,te mp pn
2026-10-09T02:30:04Z,6035872082,135652,te mp pn
2026-10-09T02:30:04Z,383310974,158322,te mp pn tt
2026-10-09T02:30:04Z,994732206,142065,te mp pn
2026-10-09T02:30:04Z,5569032992,110396,te mp pn tt
2026-10-09T02:30:04Z,5595353122,66908,te mp pn
2026-10-09T02:30:04Z,4777817887,13790,te mp pn
2026-10-09T02:30:04Z,1686885941,287486,te mp pn
2026-10-09T02:30:04Z,66654135,169460,te mp pn
2026-10-09T02:30:04Z,7326934954,151568,te mp pn tt
2026-10-09T02:30:04Z,9584852943,42750,te mp pn
2026-10-09T02:30:04Z,3508322461,123552,te mp pn
2026-10-09T02:30:04Z,5750914919,59633,te mp pn
2026-10-09T02:30:04Z,5203828273,43229,te mp pn
2026-10-09T02:30:04Z,10765012427,12739,te mp pn tt
2026-10-09T02:30:04Z,10035204815,62548,te mp pn
2026-10-09T02:30:04Z,7709344486,84506,te mp pn
2026-10-09T02:30:04Z,3317771874,45194,te pn
2026-10-09T02:30:04Z,6331902150,59339,te mp pn
2026-10-09T02:30:04Z,2440500124,32384,te mp pn tt
2026-10-09T02:30:04Z,6931042565,47862,te mp pn tt
2026-10-09T02:30:04Z,10684750879,29236,te mp pn
2026-10-09T02:30:04Z,10732236937,11972,te pn
2026-10-09T02:30:04Z,5995470825,21372,te mp pn
2026-10-09T02:30:04Z,10148749921,26669,te mp pn
2026-10-09T02:30:04Z,88070565,28012,te pn
2026-10-09T02:30:04Z,2619619496,28000,te mp pn
2026-10-09T02:30:04Z,10764627709,96862,te mp pn tt uc
2026-10-09T02:30:04Z,9534705677,16159,te mp pn tt
2026-10-09T02:30:04Z,10708913337,52770,te mp pn
2026-10-09T02:30:04Z,1176784616,9370,te
2026-10-09T02:30:04Z,10685282333,31929,te mp pn tt
2026-10-09T02:30:04Z,10258991999,16545,te mp pn
2026-10-09T02:30:04Z,3808081382,46430,te mp pn
2026-10-09T02:30:04Z,3990106548,7484,te
2026-10-09T02:30:04Z,10436530264,18316,te pn tt
2026-10-09T02:30:04Z,1831550657,16072,te pn
2026-10-09T02:30:04Z,648454481,16144,te pn
2026-10-09T02:30:04Z,1516533665,14897,te mp pn
2026-10-09T02:30:04Z,10173311467,9125,te mp
2026-10-09T02:30:04Z,578392296,16753,te pn
2026-10-09T02:30:04Z,10765298801,29713,te mp pn tt uc
2026-10-09T02:30:04Z,1235188606,5162,te
2026-10-09T02:30:04Z,3541611379,4313,te
2026-10-09T02:30:04Z,10756011174,10947,te mp
2026-10-09T02:30:04Z,9837612476,7580,te
2026-10-09T02:30:04Z,7585140258,12394,te mp pn
2026-10-09T02:30:04Z,10737656087,8207,te
2026-10-09T02:30:04Z,4750561026,6676,te
2026-10-09T02:30:04Z,903807016,6479,te
2026-10-09T02:30:04Z,1202096104,18987,te mp pn
2026-10-09T02:30:04Z,184199275,20357,te pn
2026-10-09T02:30:04Z,9891331827,4684,te
2026-10-09T02:30:04Z,7219654364,76322,te mp pn
2026-10-09T02:30:04Z,10282097014,15448,te pn tt uc
2026-10-09T02:30:04Z,3647333358,27858,te mp pn
2026-10-09T02:30:04Z,9855761734,7354,te
2026-10-09T02:30:04Z,10261267004,11939,te pn
2026-10-09T02:30:04Z,9931749389,5826,te
2026-10-09T02:30:04Z,7436755782,15134,te mp pn
2026-10-09T02:30:04Z,10667357873,7983,te tt
2026-10-09T02:30:04Z,1526814825,5887,te
2026-10-09T02:30:04Z,10765288803,70709,te mp pn tt uc
2026-10-09T02:30:04Z,10700618962,8647,te
2026-10-09T02:30:04Z,6765805766,23166,te pn
2026-10-09T02:30:04Z,6749060816,5080,te
2026-10-09T02:30:04Z,4658598196,12199,te pn
2026-10-09T02:30:04Z,7008097940,9681,te
2026-10-09T02:30:04Z,4673599750,1800,te
2026-10-09T02:30:04Z,7633926880,5015,te
2026-10-09T02:30:04Z,7028566528,7501,te
2026-10-09T02:30:04Z,6325068386,15032,te pn
2026-10-09T02:30:04Z,1016936714,4219,te
2026-10-09T02:30:04Z,8719555347,11997,te mp pn
2026-10-09T02:30:04Z,10624691669,9354,te mp
2026-10-09T02:30:04Z,6701277882,68741,te pn
2026-10-09T02:30:04Z,7089588429,14599,te mp pn tt
2026-10-09T02:30:04Z,7264587281,3245,te
2026-10-09T02:30:04Z,601130232,24171,te pn
2026-10-09T02:30:04Z,10643795368,4306,te
2026-10-09T02:30:04Z,321778215,7239,te
2026-10-09T02:30:04Z,2682938349,3638,te
2026-10-09T02:30:04Z,850110028,4522,te
2026-10-09T02:30:04Z,1525626450,4940,te
2026-10-09T02:30:04Z,5361032378,30569,te pn
2026-10-09T02:30:04Z,4991126644,1368,te
2026-10-09T02:30:04Z,10512942223,36086,te pn tt uc
2026-10-09T02:30:04Z,371263894,6295,te
2026-10-09T02:30:04Z,10741792653,2227,te
2026-10-09T02:30:04Z,2992873140,1207,te
2026-10-09T02:30:04Z,4931927012,4841,te
2026-10-09T02:30:04Z,10004244222,9727,te mp
2026-10-09T02:30:04Z,5578556129,22494,te pn
2026-10-09T02:30:04Z,10155360168,46974,te mp pn
2026-10-09T02:30:04Z,10399136326,11956,te mp pn
2026-10-09T02:30:04Z,10636331438,6194,te
2026-10-09T02:30:04Z,1278035280,5615,te
2026-10-09T02:30:04Z,1946714362,2195,te
2026-10-09T02:30:04Z,8520148363,3610,te
2026-10-09T02:30:04Z,6682487255,4781,te
2026-10-09T02:30:04Z,5166944221,4633,te
2026-10-09T02:30:04Z,2783797267,11902,te pn
2026-10-09T02:30:04Z,9641502068,7759,te mp
2026-10-09T02:30:04Z,6760085372,4626,te
2026-10-09T02:30:04Z,2380077519,6659,te
2026-10-09T02:30:04Z,2251388500,2051,te
2026-10-09T02:30:04Z,7395930870,10184,te
2026-10-09T02:30:04Z,10550257968,10027,te mp tt
2026-10-09T02:30:04Z,10039889230,4293,te
2026-10-09T02:30:04Z,10231502419,2702,te
2026-10-09T02:30:04Z,9051406594,8015,te
2026-10-09T02:30:04Z,6945584306,11069,te pn
2026-10-09T02:30:04Z,1268927906,5339,te
2026-10-09T02:30:04Z,6061766680,4029,te
2026-10-09T02:30:04Z,10200395747,2538,te
2026-10-09T02:30:04Z,10431718987,2576,te
2026-10-09T02:30:04Z,10681914462,13811,te mp pn
2026-10-09T02:30:04Z,3183403065,1926,te
2026-10-09T02:30:04Z,9978329815,17607,te mp pn
2026-10-09T02:30:04Z,3240075297,33914,te mp pn
2026-10-09T02:30:04Z,245662005,6219,te
2026-10-09T02:30:04Z,9796898051,8790,te
2026-10-09T02:30:04Z,10532995815,4330,te
2026-10-09T02:30:04Z,4839802560,26176,te mp pn
2026-10-09T02:30:04Z,9872734936,4784,te
2026-10-09T02:30:04Z,7108384194,7218,te
2026-10-09T02:30:04Z,3012965062,4295,te
2026-10-09T02:30:04Z,10748543623,3274,te
2026-10-09T02:30:04Z,10766812776,4165,te uc
2026-10-09T02:30:04Z,3936365689,1545,te
2026-10-09T02:30:04Z,10526853622,6650,te
2026-10-09T02:30:04Z,10742937135,4437,te tt
2026-10-09T02:30:04Z,10764887435,1035,te
2026-10-09T02:30:04Z,3405618667,2485,te
2026-10-09T02:30:04Z,6521100398,21242,te mp pn tt
2026-10-09T02:30:04Z,10766008884,7031,te uc
2026-10-09T02:30:04Z,10765582175,12160,te pn tt uc
2026-10-09T02:30:04Z,10529769390,6169,te
2026-10-09T02:30:04Z,10246108265,2734,te
2026-10-09T02:30:04Z,6336741296,1830,te
2026-10-09T02:30:04Z,1390601379,1861,te
2026-10-09T02:30:04Z,7883776681,5273,te
2026-10-09T02:30:04Z,10753751277,7965,te
2026-10-09T02:30:04Z,10717002748,3685,te
2026-10-09T02:30:04Z,10440833423,1878,te
2026-10-09T02:30:04Z,7094518649,6327,te
2026-10-09T02:30:04Z,4987856151,5059,te tt
2026-10-09T02:30:04Z,10634461028,1675,te mp
2026-10-09T02:30:04Z,10740316645,7591,te
2026-10-09T02:30:04Z,10741654282,10348,te
2026-10-09T02:30:04Z,10764533320,3625,te
2026-10-09T02:30:04Z,10759337137,4277,te
2026-10-09T02:30:04Z,210851291,10028,te
2026-10-09T02:30:04Z,9970645639,6117,te
2026-10-09T02:30:04Z,9910245722,2767,te
2026-10-09T02:30:04Z,10552240401,3793,te
2026-10-09T02:30:04Z,9551044479,2852,te
2026-10-09T02:30:04Z,10762388019,6087,te mp
2026-10-09T02:30:04Z,10577588270,2357,te
2026-10-09T02:30:04Z,10759638075,5056,te
2026-10-09T02:30:04Z,4568630521,4580,te
2026-10-09T02:30:04Z,1802741133,1884,te
2026-10-09T02:30:04Z,10321202755,6408,te
2026-10-09T02:30:04Z,9880286438,5973,te
2026-10-09T02:30:04Z,10766056678,19170,te mp pn tt uc
2026-10-09T02:30:04Z,10675117523,12200,te pn
2026-10-09T02:30:04Z,5650396773,7490,te
2026-10-09T02:30:04Z,2527789729,2160,te
2026-10-09T02:30:04Z,7265339759,915,te
2026-10-09T02:30:04Z,8524572339,3150,te
2026-10-09T02:30:04Z,4348829796,6779,te
2026-10-09T02:30:04Z,10230942274,6700,te
2026-10-09T02:30:04Z,6174994284,2294,te
2026-10-09T02:30:04Z,2788648141,1509,te
2026-10-09T02:30:04Z,6726637224,2806,te
2026-10-09T02:30:04Z,10762757054,5433,te mp
2026-10-09T02:30:04Z,10673920146,15590,te mp pn tt
2026-10-09T02:30:04Z,9561553764,10229,te mp
2026-10-09T02:30:04Z,10648640958,3332,te
2026-10-09T02:30:04Z,10765686447,12088,te mp pn tt uc
2026-10-09T02:30:04Z,3110388936,2238,te
2026-10-09T02:30:04Z,10761687472,8014,te mp
2026-10-09T02:30:04Z,4420562665,11171,te pn
2026-10-09T02:30:04Z,10541331578,1101,te
2026-10-09T02:30:04Z,10765013362,6960,te
2026-10-09T02:30:04Z,4730278139,10359,te
2026-10-09T02:30:04Z,7673659635,1599,te
2026-10-09T02:30:04Z,6504986360,6751,te
2026-10-09T02:30:04Z,1451439645,5583,te
2026-10-09T02:30:04Z,10430019389,5428,te
2026-10-09T02:30:04Z,703124385,11060,te mp pn
2026-10-09T02:30:04Z,10764897725,10783,te mp
2026-10-09T02:30:04Z,1494262959,1690,te
2026-10-09T02:30:04Z,10424107160,2902,te
2026-10-09T02:30:04Z,10765091041,3240,te uc
2026-10-09T02:30:04Z,5422546686,1701,te
2026-10-09T02:30:04Z,5026122481,3620,te
2026-10-09T02:30:04Z,65241,9068,te mp
2026-10-09T02:30:04Z,985731078,1672,te
2026-10-09T02:30:04Z,7703614594,3437,te
2026-10-09T02:30:04Z,10552540426,1282,te
2026-10-09T02:30:04Z,31970568,2847,te
2026-10-09T02:30:04Z,10766721625,11716,te mp pn tt uc
2026-10-09T02:30:04Z,3164075108,2451,te
2026-10-09T02:30:04Z,9656201728,1237,te
2026-10-09T02:30:04Z,8640389608,306,te
2026-10-09T02:30:04Z,7018190066,12748,te pn
2026-10-09T02:30:04Z,9167377564,12622,te mp pn
2026-10-09T02:30:04Z,10268960646,2102,te
2026-10-09T02:30:04Z,10144280947,6572,te mp
2026-10-09T02:30:04Z,10371406677,3450,te
2026-10-09T02:30:04Z,9582986239,2986,te
2026-10-09T02:30:04Z,10572887321,2537,te
2026-10-09T02:30:04Z,10765950109,3466,te
2026-10-09T02:30:04Z,10199301628,5740,te
2026-10-09T02:30:04Z,8618660961,1231,te
2026-10-09T02:30:04Z,2936053166,11520,te mp pn
2026-10-09T02:30:04Z,10415845204,2372,te
2026-10-09T02:30:04Z,1271059807,2102,te
2026-10-09T02:30:04Z,10475794799,2406,te
2026-10-09T02:30:04Z,6774320049,10607,te mp
2026-10-09T02:30:04Z,9788139379,2422,te
2026-10-09T02:30:04Z,10648555380,242,te
2026-10-09T02:30:04Z,10765167636,2967,te
2026-10-09T02:30:04Z,10628526114,2060,te
2026-10-09T02:30:04Z,10031562156,3588,te
2026-10-09T02:30:04Z,9348272796,5343,te
2026-10-09T02:30:04Z,7970033072,1344,te
2026-10-09T02:30:04Z,6739698191,34334,te mp pn
2026-10-09T02:30:04Z,10764479526,3511,te
2026-10-09T02:30:04Z,7613921865,6072,te
2026-10-09T02:30:04Z,9662130710,2100,te
2026-10-09T02:30:04Z,1008451066,2939,te
2026-10-09T02:30:04Z,10539411000,7628,te
2026-10-09T02:30:04Z,4983034985,5291,te
2026-10-09T02:30:04Z,21164849,3181,te
2026-10-09T02:30:04Z,9950184599,832,te
2026-10-09T02:30:04Z,9312646406,1609,te
2026-10-09T02:30:04Z,274816972,1922,te
2026-10-09T02:30:04Z,1054526971,3869,te
2026-10-09T02:30:04Z,7143545906,690,te
2026-10-09T02:30:04Z,8841437826,1583,te
2026-10-09T02:30:04Z,9885372266,3870,te
2026-10-09T02:30:04Z,7488668004,7214,te
2026-10-09T02:30:04Z,113491250,2866,te
2026-10-09T02:30:04Z,4457060041,200,te
2026-10-09T02:30:04Z,2668101271,21508,te mp pn
2026-10-09T02:30:04Z,7629331599,4629,te
2026-10-09T02:30:04Z,547524060,4539,te tt
2026-10-09T02:30:04Z,4949420752,25075,te mp pn
2026-10-09T02:30:04Z,9735583968,2255,te
2026-10-09T02:30:04Z,4342047058,9414,te
2026-10-09T02:30:04Z,10504918958,1646,te
2026-10-09T02:30:04Z,4793836769,3025,te
2026-10-09T02:30:04Z,10761143648,465,te
2026-10-09T02:30:04Z,10765190004,4647,te
2026-10-09T02:30:04Z,6593476325,1658,te
2026-10-09T02:30:04Z,10116272705,6809,te
2026-10-09T02:30:04Z,10124403207,1186,te
2026-10-09T02:30:04Z,2822776643,4462,te
2026-10-09T02:30:04Z,10739044772,2149,te
2026-10-09T02:30:04Z,10533638982,1653,te
2026-10-09T02:30:04Z,9826885587,4101,te
2026-10-09T02:30:04Z,7761516673,1143,te
2026-10-09T02:30:04Z,73885730,7177,te
2026-10-09T02:30:04Z,10762636904,1729,te
2026-10-09T02:30:04Z,8829204428,1481,te
2026-10-09T02:30:04Z,47545,4295,te
2026-10-09T02:30:04Z,10763764817,6565,te mp
2026-10-09T02:30:04Z,2309918273,1207,te
2026-10-09T02:30:04Z,10144587520,3962,te
2026-10-09T02:30:04Z,5026970880,1947,te
2026-10-09T02:30:04Z,10561166339,7549,te
2026-10-09T02:30:04Z,6048923315,951,te
2026-10-09T02:30:04Z,3747388906,633,te
2026-10-09T02:30:04Z,7934320560,1783,te
2026-10-09T02:30:04Z,10310999762,3236,te
2026-10-09T02:30:04Z,10031505426,3811,te
2026-10-09T02:30:04Z,10452740285,1975,te
2026-10-09T02:30:04Z,8198412649,946,te
2026-10-09T02:30:04Z,10762175328,176,te
2026-10-09T02:30:04Z,7661378108,919,te
2026-10-09T02:30:04Z,4497460596,754,te
2026-10-09T02:30:04Z,1511883870,3022,te
2026-10-09T02:30:04Z,1742264997,1319,te
2026-10-09T02:30:04Z,9491545867,6286,te tt
2026-10-09T02:30:04Z,10138624079,5918,te
2026-10-09T02:30:04Z,4778845442,2761,te
2026-10-09T02:30:04Z,10309128556,1088,te
2026-10-09T02:30:04Z,3308103880,6274,te
2026-10-09T02:30:04Z,10765708310,578,te
2026-10-09T02:30:04Z,7738524573,1435,te
2026-10-09T02:30:04Z,9073513091,1388,te
2026-10-09T02:30:04Z,4938220315,1060,te
2026-10-09T02:30:04Z,6858584271,1528,te
2026-10-09T02:30:04Z,2350840700,668,te
2026-10-09T02:30:04Z,10338952197,4340,te
2026-10-09T02:30:04Z,540382210,1183,te
2026-10-09T02:30:04Z,9908641400,7594,te
2026-10-09T02:30:04Z,2862098693,2086,te
2026-10-09T02:30:04Z,1782832995,1218,te
2026-10-09T02:30:04Z,7450497506,2095,te
2026-10-09T02:30:04Z,6161049307,4531,te
2026-10-09T02:30:04Z,10393438342,2996,te
2026-10-09T02:30:04Z,10608856704,4370,te mp tt
2026-10-09T02:30:04Z,98929893,1576,te
2026-10-09T02:30:04Z,9112256336,903,te
2026-10-09T02:30:04Z,10411998017,2009,te
2026-10-09T02:30:04Z,6786784563,1580,te
2026-10-09T02:30:04Z,10593319486,646,te
2026-10-09T02:30:04Z,10739137760,8094,te
2026-10-09T02:30:04Z,10765751583,1470,te tt
2026-10-09T02:30:04Z,10767408330,14346,te pn tt uc
2026-10-09T02:30:04Z,10501944811,1413,te
2026-10-09T02:30:04Z,10765279487,1542,te
2026-10-09T02:30:04Z,6375110339,1749,te
2026-10-09T02:30:04Z,10759430423,2868,te
2026-10-09T02:30:04Z,10249209189,665,te
2026-10-09T02:30:04Z,3837114739,688,te
2026-10-09T02:30:04Z,7274244096,4035,te
2026-10-09T02:30:04Z,10767582899,4322,te
2026-10-09T02:30:04Z,10195997258,1766,te
2026-10-09T02:30:04Z,10075660664,291,te
2026-10-09T02:30:04Z,372226183,19884,te mp pn
2026-10-09T02:30:04Z,10765902945,4635,te
2026-10-09T02:30:04Z,9098570654,6105,te
2026-10-09T02:30:04Z,6215986499,633,te
2026-10-09T02:30:04Z,9765324104,1019,te
2026-10-09T02:30:04Z,8964956538,2125,te
2026-10-09T02:30:04Z,97314177,1443,te
2026-10-09T02:30:04Z,3734304510,1981,te
2026-10-09T02:30:04Z,10698216738,2868,te
2026-10-09T02:30:04Z,5125369493,1023,te
2026-10-09T02:30:04Z,3730079862,4377,te
2026-10-09T02:30:04Z,4582358979,1527,te
2026-10-09T02:30:04Z,9317784977,1073,te
2026-10-09T02:30:04Z,10209534490,2506,te
2026-10-09T02:30:04Z,10759478428,2884,te
2026-10-09T02:30:04Z,10765153945,5587,te mp tt uc
2026-10-09T02:30:04Z,10226261982,3560,te
2026-10-09T02:30:04Z,9362896961,3006,te
2026-10-09T02:30:04Z,10765579304,1026,te
2026-10-09T02:30:04Z,10631775021,2655,te
2026-10-09T02:30:04Z,10057343903,1849,te
2026-10-09T02:30:04Z,10445832507,964,te
2026-10-09T02:30:04Z,6505338302,3850,te
2026-10-09T02:30:04Z,10759594563,2399,te
2026-10-09T02:30:04Z,10765067592,5082,te
2026-10-09T02:30:04Z,10566677406,3688,te
2026-10-09T02:30:04Z,10187294555,1633,te
2026-10-09T02:30:04Z,10766494202,453,te
2026-10-09T02:30:04Z,10761375938,1658,te
2026-10-09T02:30:04Z,2471084,4966,te
2026-10-09T02:30:04Z,10455462279,2477,te
2026-10-09T02:30:04Z,9940812243,2484,te
2026-10-09T02:30:04Z,10767240772,4233,te tt uc
2026-10-09T02:30:04Z,10404519332,1690,te
2026-10-09T02:30:04Z,911750776,2261,te
2026-10-09T02:30:04Z,9363735110,3063,te
2026-10-09T02:30:04Z,10439568447,3236,te
2026-10-09T02:30:04Z,6443367640,5705,te
2026-10-09T02:30:04Z,10612017628,2855,te
2026-10-09T02:30:04Z,6100103590,708,te
2026-10-09T02:30:04Z,4540138978,9055,te
2026-10-09T02:30:04Z,10336278580,1858,te
2026-10-09T02:30:04Z,3457700596,2328,te
2026-10-09T02:30:04Z,7960300951,2939,te
2026-10-09T02:30:04Z,10764839604,3872,te
2026-10-09T02:30:04Z,10410945205,2140,te
2026-10-09T02:30:04Z,10765122642,4524,te
2026-10-09T02:30:04Z,10310563053,3737,te
2026-10-09T02:30:04Z,10502841145,10320,te
2026-10-09T02:30:04Z,5576955991,951,te
2026-10-09T02:30:04Z,4165164803,5255,te
2026-10-09T02:30:04Z,4193032947,1061,te
2026-10-09T02:30:04Z,10701628624,6486,te mp tt
2026-10-09T02:30:04Z,10768462078,2738,te
2026-10-09T02:30:04Z,10514223296,1731,te
2026-10-09T02:30:04Z,10648820673,5427,te
2026-10-09T02:30:04Z,5265857965,3876,te
2026-10-09T02:30:04Z,10069043526,2008,te
2026-10-09T02:30:04Z,5272606478,1421,te
2026-10-09T02:30:04Z,10471583973,1946,te
2026-10-09T02:30:04Z,10765906597,3515,te uc
2026-10-09T02:30:04Z,7884563721,1016,te
2026-10-09T02:30:04Z,9949288829,898,te
2026-10-09T02:30:04Z,4130569984,1083,te
2026-10-09T02:30:04Z,3808223175,1174,te
2026-10-09T02:30:04Z,10389762549,1076,te
2026-10-09T02:30:04Z,10223976219,2997,te
2026-10-09T02:30:04Z,9324081218,143,te
2026-10-09T02:30:04Z,4263576532,1472,te
2026-10-09T02:30:04Z,7843413523,1865,te
2026-10-09T02:30:04Z,7750955984,1034,te
2026-10-09T02:30:04Z,8906870648,1066,te
2026-10-09T02:30:04Z,10761884278,223,te
2026-10-09T02:30:04Z,110181652,1983,te
2026-10-09T02:30:04Z,7787359931,884,te
2026-10-09T02:30:04Z,2139712082,565,te
2026-10-09T02:30:04Z,10263732883,1802,te
2026-10-09T02:30:04Z,3873871110,1537,te
2026-10-09T02:30:04Z,10737231383,1617,te
2026-10-09T02:30:04Z,10485201326,2002,te
2026-10-09T02:30:04Z,6770632849,858,te
2026-10-09T02:30:04Z,10768176407,5117,te uc
2026-10-09T02:30:04Z,10460801145,14450,te mp pn
2026-10-09T02:30:04Z,3365661357,708,te
2026-10-09T02:30:04Z,10768023539,16209,te pn tt uc
2026-10-09T02:30:04Z,9150731899,1167,te
2026-10-09T02:30:04Z,10764404786,1213,te
2026-10-09T02:30:04Z,605887098,2351,te
2026-10-09T02:30:04Z,4723764956,12428,te pn
2026-10-09T02:30:04Z,10298144467,1797,te
2026-10-09T02:30:04Z,6751447237,1921,te
2026-10-09T02:30:04Z,10766349481,2357,te tt uc
2026-10-09T02:30:04Z,10769043472,962,te
2026-10-09T02:30:04Z,6466404775,3005,te
2026-10-09T02:30:04Z,10390151142,1096,te
2026-10-09T02:30:04Z,9067189974,2555,te
2026-10-09T02:30:04Z,3419284255,2309,te
2026-10-09T02:30:04Z,5091490171,1979,te
2026-10-09T02:30:04Z,4925331346,3398,te
2026-10-09T02:30:04Z,10757704931,2090,te uc
2026-10-09T02:30:04Z,10593482707,2755,te
2026-10-09T02:30:04Z,9141743926,2535,te
2026-10-09T02:30:04Z,7474367816,3607,te
2026-10-09T02:30:04Z,5812546130,483,te
2026-10-09T02:30:04Z,98839997,278,te
2026-10-09T02:30:04Z,9296042754,4616,te
2026-10-09T02:30:04Z,9382839773,1581,te
2026-10-09T02:30:04Z,6619936488,1597,te
2026-10-09T02:30:04Z,4263371487,857,te
2026-10-09T02:30:04Z,9996384072,1179,te
2026-10-09T02:30:04Z,7665084235,317,te
2026-10-09T02:30:04Z,8246907060,743,te
2026-10-09T02:30:04Z,10761200080,1263,te
2026-10-09T02:30:04Z,4079077350,596,te
2026-10-09T02:30:04Z,7359962123,3095,te
2026-10-09T02:30:04Z,1531130248,3125,te
2026-10-09T02:30:04Z,9169166771,1159,te
2026-10-09T02:30:04Z,9091734830,690,te
2026-10-09T02:30:04Z,6324644175,4182,te
2026-10-09T02:30:04Z,5972059550,1456,te
2026-10-09T02:30:04Z,10764297006,4364,te
2026-10-09T02:30:04Z,10153098880,1529,te
2026-10-09T02:30:04Z,10766064142,1016,te
2026-10-09T02:30:04Z,10590260635,2056,te
2026-10-09T02:30:04Z,4201418016,455,te
2026-10-09T02:30:04Z,10714746778,5655,te
2026-10-09T02:30:04Z,7332711118,1597,te
2026-10-09T02:30:04Z,10767634248,17107,te mp pn tt uc
2026-10-09T02:30:04Z,10603011269,1147,te
2026-10-09T02:30:04Z,10764883692,832,te
2026-10-09T02:30:04Z,6170143659,3912,te
2026-10-09T02:30:04Z,7058980030,4194,te
2026-10-09T02:30:04Z,7178032757,4748,te
2026-10-09T02:30:04Z,10598688389,2517,te
2026-10-09T02:30:04Z,10376944238,4121,te
2026-10-09T02:30:04Z,4666414595,517,te
2026-10-09T02:30:04Z,4293374620,11622,te mp pn
2026-10-09T02:30:04Z,10767824942,7831,te uc
2026-10-09T02:30:04Z,10553704684,4485,te
2026-10-09T02:30:04Z,10759518799,5717,te
2026-10-09T02:30:04Z,10324001605,2272,te
2026-10-09T02:30:04Z,10766506199,15253,te mp pn tt uc
2026-10-09T02:30:04Z,10764415267,2976,te uc
2026-10-09T02:30:04Z,10514280922,682,te
2026-10-09T02:30:04Z,2640407187,2373,te
2026-10-09T02:30:04Z,9815834699,1462,te
2026-10-09T02:30:04Z,10415694629,4279,te
2026-10-09T02:30:04Z,7856039629,6060,te
2026-10-09T02:30:04Z,10529067596,1431,te
2026-10-09T02:30:04Z,8360491918,1348,te
2026-10-09T02:30:04Z,6272727021,1752,te
2026-10-09T02:30:04Z,5829613337,2637,te
2026-10-09T02:30:04Z,6118645803,447,te
2026-10-09T02:30:04Z,10589388621,407,te
2026-10-09T02:30:04Z,2711375305,65861,mp pn
2026-10-09T02:30:04Z,9294074907,13778,mp pn
2026-10-09T02:30:04Z,8178086002,16343,mp pn tt
2026-10-09T02:30:04Z,10744310825,11662,mp pn tt
2026-10-09T02:30:04Z,10767825538,6574,mp tt uc
2026-10-09T02:30:04Z,10765637643,8977,mp tt uc
2026-10-09T02:30:04Z,7948426536,4713,mp
2026-10-09T02:30:04Z,9296252245,6386,mp
2026-10-09T02:30:04Z,7554119808,18294,mp pn
2026-10-09T02:30:04Z,5283219861,8426,mp
2026-10-09T02:30:04Z,10665420648,9376,mp tt
2026-10-09T02:30:04Z,10764613327,3298,mp tt
2026-10-09T02:30:04Z,10764221401,6891,mp tt
2026-10-09T02:30:04Z,10057403337,7243,mp
2026-10-09T02:30:04Z,10764640833,2476,mp
2026-10-09T02:30:04Z,10278774552,7614,mp tt
2026-10-09T02:30:04Z,10767922762,7747,mp tt uc
2026-10-09T02:30:04Z,10766138478,5973,mp uc
2026-10-09T02:30:04Z,9957338123,4777,mp
2026-10-09T02:30:04Z,10768565603,20590,pn tt uc
2026-10-09T02:30:04Z,10768425253,15365,pn tt uc
2026-10-09T02:30:04Z,1852226622,11432,pn
2026-10-09T02:30:04Z,5039839070,11048,pn
2026-10-09T02:30:04Z,7265977477,4138,tt
2026-10-09T02:30:04Z,10765785152,1679,tt uc
2026-10-09T02:30:04Z,1451869528,2765,tt
2026-10-09T02:30:04Z,9774451882,1906,tt
2026-10-09T02:30:04Z,7646154613,2326,tt
2026-10-09T02:30:04Z,10742198859,688,tt
2026-10-09T02:30:04Z,10117986107,1466,tt
2026-10-09T02:30:04Z,10597001332,3150,tt uc
2026-10-09T02:30:04Z,6818915584,1264,tt
2026-10-09T02:30:04Z,9843234816,1035,tt
2026-10-09T02:30:04Z,6128091457,3233,tt
2026-10-09T02:30:04Z,2157233282,943,tt
2026-10-09T02:30:04Z,7005891584,1928,tt
2026-10-09T02:30:04Z,10765541201,2995,tt uc
2026-10-09T02:30:04Z,4267277633,1634,tt
2026-10-09T02:30:04Z,10036955953,3458,tt
2026-10-09T02:30:04Z,9825259729,6152,tt
2026-10-09T02:30:04Z,10030829154,2727,tt
2026-10-09T02:30:04Z,10399174001,5106,tt
2026-10-09T02:30:04Z,10588785840,684,tt
2026-10-09T02:30:04Z,10682172994,1501,tt
2026-10-09T02:30:04Z,7453941040,2923,tt
2026-10-09T02:30:04Z,10247797619,1470,tt
2026-10-09T02:30:04Z,10638886777,6870,tt
2026-10-09T02:30:04Z,10767566226,8114,tt uc
2026-10-09T02:30:04Z,10574333980,222,tt
2026-10-09T02:30:04Z,10768316438,7337,tt uc
2026-10-09T02:30:04Z,10766309747,3891,tt uc
2026-10-09T02:30:04Z,10575295323,4399,tt
2026-10-09T02:30:04Z,10766395909,4876,tt uc
2026-10-09T02:30:04Z,10766725034,7894,tt uc
2026-10-09T02:30:04Z,10766390665,2011,tt uc
2026-10-09T02:30:04Z,8869088870,1948,tt
2026-10-09T02:30:04Z,6049736902,1587,tt
2026-10-09T02:30:04Z,3945578236,5462,tt
2026-10-09T02:30:04Z,10767012496,9990,tt uc
2026-10-09T02:30:04Z,10473810300,1465,tt
2026-10-09T02:30:04Z,9677117262,478,tt
2026-10-09T02:30:04Z,10171730665,805,tt
2026-10-09T02:30:04Z,10768026334,10394,tt uc
2026-10-09T02:30:04Z,10478974655,5176,tt
2026-10-09T02:30:04Z,10351850295,1233,tt
2026-10-09T02:30:04Z,10769396182,4079,tt uc
2026-10-09T02:30:04Z,6635513269,4646,tt
2026-10-09T02:30:04Z,7398552394,5992,tt
2026-10-09T02:30:04Z,10739112966,7344,tt
2026-10-09T02:30:04Z,1000233041,8717,tt
2026-10-09T02:30:04Z,10737986845,6374,tt
2026-10-09T02:30:04Z,6136243726,2849,tt
2026-10-09T02:30:04Z,10751572992,419,tt
2026-10-09T02:30:04Z,10767138232,1898,uc
2026-10-09T02:30:04Z,10767567751,8373,uc
2026-10-09T02:30:04Z,10766439439,290,uc
2026-10-09T02:30:04Z,10424350877,2437,uc
2026-10-09T02:30:04Z,10766812244,685,uc
2026-10-09T02:30:04Z,10767380385,5836,uc
2026-10-09T02:30:04Z,10768012048,2176,uc
2026-10-09T02:30:04Z,10765491459,6154,uc
2026-10-09T02:30:04Z,10589881655,2279,uc
2026-10-09T02:30:04Z,10766240516,6780,uc
2026-10-09T02:30:04Z,10768351352,1424,uc
2026-10-09T02:30:04Z,10767784294,10367,uc
2026-10-09T02:30:04Z,10766004084,1973,uc
2026-10-09T02:30:04Z,10765635650,3750,uc
2026-10-09T02:30:04Z,10766142497,2781,uc
2026-10-09T02:30:04Z,10768428243,3214,uc
2026-10-09T02:30:04Z,10766588474,2607,uc
2026-10-09T02:30:04Z,10768202113,4660,uc
2026-10-09T02:30:04Z,10766845655,4431,uc
2026-10-09T02:30:04Z,10765490774,6386,uc
2026-10-09T02:30:04Z,10765716033,1103,uc
2026-10-09T02:30:04Z,10767780358,3609,uc
2026-10-09T02:30:04Z,10212081143,1034,uc
2026-10-09T02:30:04Z,10308844888,4099,uc
2026-10-09T02:30:04Z,10766687030,3384,uc
2026-10-09T02:30:04Z,10765563835,2284,uc
2026-10-09T02:30:04Z,10764980068,2658,uc
2026-10-09T02:30:04Z,6385532960,14,
2026-10-09T02:30:04Z,10765629453,709,
2026-10-09T02:30:04Z,10724269636,1561,
2026-10-09T02:30:04Z,9511454418,365,
2026-10-09T02:30:04Z,10463578886,727,
2026-10-09T02:30:04Z,10534873486,3843,
2026-10-09T02:30:04Z,10447234038,427,
2026-10-09T02:30:04Z,10454554751,966,
2026-10-09T02:30:04Z,5117983607,1571,
2026-10-09T02:30:04Z,10604772590,1623,
2026-10-09T02:30:04Z,9549894418,135,
2026-10-09T02:30:04Z,2851381018,5664,
2026-10-09T02:30:04Z,7996365376,6568,
2026-10-09T02:30:04Z,1769712451,754,
2026-10-09T02:30:04Z,4049246711,7200,
2026-10-09T02:30:04Z,10649255304,4217,
2026-10-09T02:30:04Z,10630800860,10680,
2026-10-09T02:30:04Z,10091766471,1490,
2026-10-09T02:30:04Z,9522015993,1343,
2026-10-09T02:30:04Z,10335443723,896,
2026-10-09T02:30:04Z,10603675889,3457,
2026-10-09T02:30:04Z,10766364164,2515,
2026-10-09T02:30:04Z,10766109756,1669,
2026-10-09T02:30:04Z,1359573625,2880,
2026-10-09T02:30:04Z,4452297356,6498,
2026-10-09T02:30:04Z,4924789901,4212,
2026-10-09T02:30:04Z,5633615594,1341,
2026-10-09T02:30:04Z,5903289376,1161,
2026-10-09T02:30:04Z,6343995637,2001,
2026-10-09T02:30:04Z,6690355795,1062,
2026-10-09T02:30:04Z,7182318649,1488,
2026-10-09T02:30:04Z,7447878628,241,
2026-10-09T02:30:04Z,7497471789,3672,
2026-10-09T02:30:04Z,7911332924,1715,
2026-10-09T02:30:04Z,7917550094,2070,
2026-10-09T02:30:04Z,8307114974,6754,
2026-10-09T02:30:04Z,8887067988,256,
2026-10-09T02:30:04Z,9199655655,9341,
2026-10-09T02:30:04Z,9840483947,1476,
2026-10-09T02:30:04Z,10064401653,398,
2026-10-09T02:30:04Z,10420832668,307,
2026-10-09T02:30:04Z,10428418645,942,
2026-10-09T02:30:04Z,10440499034,1632,
2026-10-09T02:30:04Z,10558880394,5315,
2026-10-09T02:30:04Z,10761375767,1743,
2026-10-09T02:30:04Z,10766578375,7671,
2026-10-09T09:40:20Z,10563114921,1493860,te mp pn
2026-10-09T09:40:20Z,6035872082,147553,te mp pn
2026-10-09T09:40:20Z,383310974,157249,te mp pn tt
2026-10-09T09:40:20Z,994732206,166802,te mp pn
2026-10-09T09:40:20Z,5569032992,91382,te mp pn tt
2026-10-09T09:40:20Z,5595353122,49503,te mp pn
2026-10-09T09:40:20Z,4777817887,14483,te mp pn
2026-10-09T09:40:20Z,1686885941,236345,te mp pn
2026-10-09T09:40:20Z,66654135,117547,te mp pn
2026-10-09T09:40:20Z,7326934954,186763,te mp pn tt
2026-10-09T09:40:20Z,9584852943,75508,te mp pn
2026-10-09T09:40:20Z,3508322461,84379,te mp pn
2026-10-09T09:40:20Z,5750914919,56210,te mp pn
2026-10-09T09:40:20Z,5203828273,37029,te mp pn
2026-10-09T09:40:20Z,10765012427,13080,te mp pn tt
2026-10-09T09:40:20Z,10035204815,87187,te mp pn
2026-10-09T09:40:20Z,7709344486,82552,te mp pn
2026-10-09T09:40:20Z,3317771874,44271,te pn
2026-10-09T09:40:20Z,6331902150,37618,te mp pn
2026-10-09T09:40:20Z,2440500124,31512,te mp pn tt
2026-10-09T09:40:20Z,6931042565,33675,te mp pn tt
2026-10-09T09:40:20Z,10684750879,37507,te mp pn
2026-10-09T09:40:20Z,10732236937,6140,te
2026-10-09T09:40:20Z,5995470825,19211,te mp pn
2026-10-09T09:40:20Z,10148749921,26325,te mp pn
2026-10-09T09:40:20Z,88070565,13036,te pn
2026-10-09T09:40:20Z,2619619496,20639,te mp pn
2026-10-09T09:40:20Z,10764627709,62100,te mp pn tt uc
2026-10-09T09:40:20Z,9534705677,20834,te mp pn tt
2026-10-09T09:40:20Z,10708913337,52317,te mp pn
2026-10-09T09:40:20Z,1176784616,9599,te
2026-10-09T09:40:20Z,10685282333,34032,te mp pn tt
2026-10-09T09:40:20Z,10258991999,17790,te mp pn
2026-10-09T09:40:20Z,3808081382,43319,te mp pn
2026-10-09T09:40:20Z,3990106548,2818,te
2026-10-09T09:40:20Z,10436530264,22198,te pn tt
2026-10-09T09:40:20Z,1831550657,11472,te pn
2026-10-09T09:40:20Z,648454481,14209,te pn
2026-10-09T09:40:20Z,1516533665,7448,te mp
2026-10-09T09:40:20Z,10173311467,6624,te mp
2026-10-09T09:40:20Z,578392296,10301,te pn
2026-10-09T09:40:20Z,10765298801,37232,te mp pn tt uc
2026-10-09T09:40:20Z,1235188606,4658,te
2026-10-09T09:40:20Z,3541611379,4183,te
2026-10-09T09:40:20Z,10756011174,11135,te mp pn
2026-10-09T09:40:20Z,9837612476,7619,te
2026-10-09T09:40:20Z,7585140258,6544,te mp
2026-10-09T09:40:20Z,10737656087,1712,te
2026-10-09T09:40:20Z,4750561026,5614,te
2026-10-09T09:40:20Z,903807016,2781,te
2026-10-09T09:40:20Z,1202096104,17791,te mp pn
2026-10-09T09:40:20Z,184199275,1854,te
2026-10-09T09:40:20Z,9891331827,3139,te
2026-10-09T09:40:20Z,7219654364,6619,te mp
2026-10-09T09:40:20Z,10282097014,11100,te pn tt uc
2026-10-09T09:40:20Z,3647333358,36494,te mp pn
2026-10-09T09:40:20Z,9855761734,9803,te
2026-10-09T09:40:20Z,10261267004,10015,te
2026-10-09T09:40:20Z,9931749389,6858,te
2026-10-09T09:40:20Z,7436755782,17540,te mp pn
2026-10-09T09:40:20Z,10667357873,7417,te tt
2026-10-09T09:40:20Z,1526814825,6874,te
2026-10-09T09:40:20Z,10765288803,115428,te mp pn tt uc
2026-10-09T09:40:20Z,10700618962,7706,te
2026-10-09T09:40:20Z,6765805766,21997,te pn
2026-10-09T09:40:20Z,6749060816,4396,te
2026-10-09T09:40:20Z,4658598196,11427,te pn
2026-10-09T09:40:20Z,7008097940,8145,te
2026-10-09T09:40:20Z,4673599750,6811,te
2026-10-09T09:40:20Z,7633926880,10905,te pn
2026-10-09T09:40:20Z,7028566528,5822,te
2026-10-09T09:40:20Z,6325068386,8663,te
2026-10-09T09:40:20Z,1016936714,6857,te
2026-10-09T09:40:20Z,8719555347,10655,te mp pn
2026-10-09T09:40:20Z,10624691669,5704,te mp
2026-10-09T09:40:20Z,6701277882,73266,te pn
2026-10-09T09:40:20Z,7089588429,24242,te mp pn
2026-10-09T09:40:20Z,7264587281,1934,te
2026-10-09T09:40:20Z,601130232,25183,te pn
2026-10-09T09:40:20Z,10643795368,4097,te
2026-10-09T09:40:20Z,321778215,4897,te
2026-10-09T09:40:20Z,2682938349,2136,te
2026-10-09T09:40:20Z,850110028,1320,te
2026-10-09T09:40:20Z,1525626450,2295,te
2026-10-09T09:40:20Z,5361032378,33612,te pn
2026-10-09T09:40:20Z,4991126644,592,te
2026-10-09T09:40:20Z,10512942223,38111,te pn tt uc
2026-10-09T09:40:20Z,371263894,2588,te
2026-10-09T09:40:20Z,10741792653,2014,te
2026-10-09T09:40:20Z,2992873140,4908,te
2026-10-09T09:40:20Z,4931927012,2033,te
2026-10-09T09:40:20Z,10004244222,13513,te mp pn
2026-10-09T09:40:20Z,5578556129,23678,te pn
2026-10-09T09:40:20Z,10155360168,28026,te mp pn
2026-10-09T09:40:20Z,10399136326,12267,te mp pn
2026-10-09T09:40:20Z,10636331438,6765,te
2026-10-09T09:40:20Z,1278035280,2918,te
2026-10-09T09:40:20Z,1946714362,941,te
2026-10-09T09:40:20Z,8520148363,3287,te
2026-10-09T09:40:20Z,6682487255,5020,te
2026-10-09T09:40:20Z,5166944221,4362,te
2026-10-09T09:40:20Z,2783797267,4848,te
2026-10-09T09:40:20Z,9641502068,11105,te mp pn
2026-10-09T09:40:20Z,6760085372,4465,te
2026-10-09T09:40:20Z,2380077519,5433,te
2026-10-09T09:40:20Z,2251388500,1367,te
2026-10-09T09:40:20Z,7395930870,8523,te
2026-10-09T09:40:20Z,10550257968,11043,te mp pn tt
2026-10-09T09:40:20Z,10039889230,5653,te
2026-10-09T09:40:20Z,10231502419,2431,te
2026-10-09T09:40:20Z,9051406594,7252,te
2026-10-09T09:40:20Z,6945584306,4415,te
2026-10-09T09:40:20Z,1268927906,5199,te
2026-10-09T09:40:20Z,6061766680,1956,te
2026-10-09T09:40:20Z,10200395747,2766,te
2026-10-09T09:40:20Z,10431718987,2912,te
2026-10-09T09:40:20Z,10681914462,14621,te mp pn
2026-10-09T09:40:20Z,3183403065,1908,te
2026-10-09T09:40:20Z,9978329815,16296,te mp pn
2026-10-09T09:40:20Z,3240075297,15534,te mp pn
2026-10-09T09:40:20Z,245662005,4630,te
2026-10-09T09:40:20Z,9796898051,11160,te pn
2026-10-09T09:40:20Z,10532995815,3773,te
2026-10-09T09:40:20Z,4839802560,15865,te mp pn
2026-10-09T09:40:20Z,9872734936,3765,te
2026-10-09T09:40:20Z,7108384194,8855,te
2026-10-09T09:40:20Z,3012965062,3487,te
2026-10-09T09:40:20Z,10748543623,2152,te
2026-10-09T09:40:20Z,10766812776,2194,te uc
2026-10-09T09:40:20Z,3936365689,1250,te
2026-10-09T09:40:20Z,10526853622,6303,te
2026-10-09T09:40:20Z,10742937135,1211,te tt
2026-10-09T09:40:20Z,10764887435,1186,te
2026-10-09T09:40:20Z,3405618667,1762,te
2026-10-09T09:40:20Z,6521100398,16105,te mp pn tt
2026-10-09T09:40:20Z,10766008884,9799,te uc
2026-10-09T09:40:20Z,10765582175,10488,te pn tt
2026-10-09T09:40:20Z,10529769390,7317,te
2026-10-09T09:40:20Z,10246108265,3115,te
2026-10-09T09:40:20Z,6336741296,2338,te
2026-10-09T09:40:20Z,1390601379,1221,te
2026-10-09T09:40:20Z,7883776681,6712,te
2026-10-09T09:40:20Z,10753751277,9983,te
2026-10-09T09:40:20Z,10717002748,2849,te
2026-10-09T09:40:20Z,10440833423,2117,te
2026-10-09T09:40:20Z,7094518649,6231,te
2026-10-09T09:40:20Z,4987856151,6251,te tt
2026-10-09T09:40:20Z,10634461028,8333,te mp
2026-10-09T09:40:20Z,10740316645,7379,te
2026-10-09T09:40:20Z,10741654282,13216,te pn
2026-10-09T09:40:20Z,10764533320,2803,te
2026-10-09T09:40:20Z,10759337137,4273,te
2026-10-09T09:40:20Z,210851291,11023,te pn
2026-10-09T09:40:20Z,9970645639,6275,te
2026-10-09T09:40:20Z,9910245722,2952,te
2026-10-09T09:40:20Z,10552240401,3730,te
2026-10-09T09:40:20Z,9551044479,2315,te
2026-10-09T09:40:20Z,10762388019,6136,te mp
2026-10-09T09:40:20Z,10577588270,2188,te
2026-10-09T09:40:20Z,10759638075,5729,te
2026-10-09T09:40:20Z,4568630521,3045,te
2026-10-09T09:40:20Z,1802741133,2310,te
2026-10-09T09:40:20Z,10321202755,6030,te
2026-10-09T09:40:20Z,9880286438,6373,te
2026-10-09T09:40:20Z,10766056678,24735,te mp pn tt uc
2026-10-09T09:40:20Z,10675117523,12677,te pn
2026-10-09T09:40:20Z,5650396773,9247,te
2026-10-09T09:40:20Z,2527789729,2093,te
2026-10-09T09:40:20Z,7265339759,686,te
2026-10-09T09:40:20Z,8524572339,1572,te
2026-10-09T09:40:20Z,4348829796,7419,te
2026-10-09T09:40:20Z,10230942274,6842,te
2026-10-09T09:40:20Z,6174994284,2159,te
2026-10-09T09:40:20Z,2788648141,1870,te
2026-10-09T09:40:20Z,6726637224,1214,te
2026-10-09T09:40:20Z,10762757054,5002,te mp
2026-10-09T09:40:20Z,10673920146,7605,te mp tt
2026-10-09T09:40:20Z,9561553764,10817,te mp pn
2026-10-09T09:40:20Z,10648640958,1459,te
2026-10-09T09:40:20Z,10765686447,13815,te mp pn tt
2026-10-09T09:40:20Z,3110388936,1877,te
2026-10-09T09:40:20Z,10761687472,2088,te mp
2026-10-09T09:40:20Z,4420562665,4854,te
2026-10-09T09:40:20Z,10541331578,1294,te
2026-10-09T09:40:20Z,10765013362,7869,te
2026-10-09T09:40:20Z,4730278139,9166,te
2026-10-09T09:40:20Z,7673659635,1401,te
2026-10-09T09:40:20Z,6504986360,6960,te
2026-10-09T09:40:20Z,1451439645,5600,te
2026-10-09T09:40:20Z,10430019389,3882,te
2026-10-09T09:40:20Z,703124385,32825,te mp pn
2026-10-09T09:40:20Z,10764897725,15443,te mp pn
2026-10-09T09:40:20Z,1494262959,1366,te
2026-10-09T09:40:20Z,10424107160,3766,te
2026-10-09T09:40:20Z,10765091041,3128,te uc
2026-10-09T09:40:20Z,5422546686,1337,te
2026-10-09T09:40:20Z,5026122481,2321,te
2026-10-09T09:40:20Z,65241,4263,te mp
2026-10-09T09:40:20Z,985731078,1353,te
2026-10-09T09:40:20Z,7703614594,3921,te
2026-10-09T09:40:20Z,10552540426,1149,te
2026-10-09T09:40:20Z,31970568,2160,te
2026-10-09T09:40:20Z,10766721625,13888,te mp pn tt uc
2026-10-09T09:40:20Z,3164075108,1977,te
2026-10-09T09:40:20Z,9656201728,1158,te
2026-10-09T09:40:20Z,8640389608,295,te
2026-10-09T09:40:20Z,7018190066,9474,te
2026-10-09T09:40:20Z,9167377564,14435,te mp pn
2026-10-09T09:40:20Z,10268960646,1101,te
2026-10-09T09:40:20Z,10144280947,5292,te mp
2026-10-09T09:40:20Z,10371406677,6134,te
2026-10-09T09:40:20Z,9582986239,3087,te
2026-10-09T09:40:20Z,10572887321,1806,te
2026-10-09T09:40:20Z,10765950109,3419,te
2026-10-09T09:40:20Z,10199301628,6078,te
2026-10-09T09:40:20Z,8618660961,1043,te
2026-10-09T09:40:20Z,2936053166,9072,te mp
2026-10-09T09:40:20Z,10415845204,2453,te
2026-10-09T09:40:20Z,1271059807,684,te
2026-10-09T09:40:20Z,10475794799,2895,te
2026-10-09T09:40:20Z,6774320049,8287,te mp
2026-10-09T09:40:20Z,9788139379,2236,te
2026-10-09T09:40:20Z,10648555380,298,te
2026-10-09T09:40:20Z,10765167636,2665,te
2026-10-09T09:40:20Z,10628526114,2397,te
2026-10-09T09:40:20Z,10031562156,1695,te
2026-10-09T09:40:20Z,9348272796,5826,te
2026-10-09T09:40:20Z,7970033072,897,te
2026-10-09T09:40:20Z,6739698191,54644,te mp pn
2026-10-09T09:40:20Z,10764479526,3950,te
2026-10-09T09:40:20Z,7613921865,6044,te
2026-10-09T09:40:20Z,9662130710,2199,te tt
2026-10-09T09:40:20Z,1008451066,1563,te
2026-10-09T09:40:20Z,10539411000,7691,te
2026-10-09T09:40:20Z,4983034985,10322,te
2026-10-09T09:40:20Z,21164849,3711,te
2026-10-09T09:40:20Z,9950184599,963,te
2026-10-09T09:40:20Z,9312646406,1754,te
2026-10-09T09:40:20Z,274816972,2141,te
2026-10-09T09:40:20Z,1054526971,3815,te
2026-10-09T09:40:20Z,7143545906,622,te
2026-10-09T09:40:20Z,8841437826,1324,te
2026-10-09T09:40:20Z,9885372266,2132,te
2026-10-09T09:40:20Z,7488668004,6970,te
2026-10-09T09:40:20Z,113491250,1708,te
2026-10-09T09:40:20Z,4457060041,865,te
2026-10-09T09:40:20Z,2668101271,34101,te mp pn
2026-10-09T09:40:20Z,7629331599,4624,te
2026-10-09T09:40:20Z,547524060,3992,te tt
2026-10-09T09:40:20Z,4949420752,8517,te mp
2026-10-09T09:40:20Z,9735583968,2199,te
2026-10-09T09:40:20Z,4342047058,8784,te
2026-10-09T09:40:20Z,10504918958,1395,te
2026-10-09T09:40:20Z,4793836769,2856,te
2026-10-09T09:40:20Z,10761143648,947,te
2026-10-09T09:40:20Z,10765190004,4693,te
2026-10-09T09:40:20Z,6593476325,1603,te
2026-10-09T09:40:20Z,10116272705,6906,te
2026-10-09T09:40:20Z,10124403207,91,te
2026-10-09T09:40:20Z,2822776643,4586,te
2026-10-09T09:40:20Z,10739044772,2593,te
2026-10-09T09:40:20Z,10533638982,1884,te
2026-10-09T09:40:20Z,9826885587,4068,te
2026-10-09T09:40:20Z,7761516673,485,te
2026-10-09T09:40:20Z,73885730,4364,te
2026-10-09T09:40:20Z,10762636904,3241,te
2026-10-09T09:40:20Z,8829204428,1613,te
2026-10-09T09:40:20Z,47545,3748,te
2026-10-09T09:40:20Z,10763764817,7836,te mp
2026-10-09T09:40:20Z,2309918273,803,te
2026-10-09T09:40:20Z,10144587520,4841,te
2026-10-09T09:40:20Z,5026970880,1496,te
2026-10-09T09:40:20Z,10561166339,11915,te pn
2026-10-09T09:40:20Z,6048923315,773,te
2026-10-09T09:40:20Z,3747388906,473,te
2026-10-09T09:40:20Z,7934320560,1651,te
2026-10-09T09:40:20Z,10310999762,4446,te
2026-10-09T09:40:20Z,10031505426,4072,te
2026-10-09T09:40:20Z,10452740285,2176,te
2026-10-09T09:40:20Z,8198412649,791,te
2026-10-09T09:40:20Z,10762175328,282,te
2026-10-09T09:40:20Z,7661378108,275,te
2026-10-09T09:40:20Z,4497460596,595,te
2026-10-09T09:40:20Z,1511883870,1749,te
2026-10-09T09:40:20Z,1742264997,1176,te
2026-10-09T09:40:20Z,9491545867,9473,te tt
2026-10-09T09:40:20Z,10138624079,6207,te
2026-10-09T09:40:20Z,4778845442,3376,te
2026-10-09T09:40:20Z,10309128556,450,te
2026-10-09T09:40:20Z,3308103880,5367,te
2026-10-09T09:40:20Z,10765708310,443,te
2026-10-09T09:40:20Z,7738524573,1345,te
2026-10-09T09:40:20Z,9073513091,1249,te
2026-10-09T09:40:20Z,4938220315,1370,te
2026-10-09T09:40:20Z,6858584271,307,te
2026-10-09T09:40:20Z,2350840700,740,te
2026-10-09T09:40:20Z,10338952197,3760,te
2026-10-09T09:40:20Z,540382210,607,te
2026-10-09T09:40:20Z,9908641400,531,te
2026-10-09T09:40:20Z,2862098693,1461,te
2026-10-09T09:40:20Z,1782832995,993,te
2026-10-09T09:40:20Z,7450497506,2111,te
2026-10-09T09:40:20Z,6161049307,4858,te
2026-10-09T09:40:20Z,10393438342,3246,te
2026-10-09T09:40:20Z,10608856704,4961,te mp tt
2026-10-09T09:40:20Z,98929893,685,te
2026-10-09T09:40:20Z,9112256336,240,te
2026-10-09T09:40:20Z,10411998017,812,te
2026-10-09T09:40:20Z,6786784563,816,te
2026-10-09T09:40:20Z,10593319486,2181,te
2026-10-09T09:40:20Z,10739137760,604,te
2026-10-09T09:40:20Z,10765751583,4332,te tt
2026-10-09T09:40:20Z,10767408330,13668,te pn tt uc
2026-10-09T09:40:20Z,10501944811,1268,te
2026-10-09T09:40:20Z,10765279487,1570,te
2026-10-09T09:40:20Z,6375110339,1529,te
2026-10-09T09:40:20Z,10759430423,2969,te
2026-10-09T09:40:20Z,10249209189,1145,te
2026-10-09T09:40:20Z,3837114739,370,te
2026-10-09T09:40:20Z,7274244096,4390,te
2026-10-09T09:40:20Z,10767582899,5340,te
2026-10-09T09:40:20Z,10195997258,1789,te
2026-10-09T09:40:20Z,10075660664,254,te
2026-10-09T09:40:20Z,372226183,5165,te mp
2026-10-09T09:40:20Z,10765902945,4609,te
2026-10-09T09:40:20Z,9098570654,5552,te
2026-10-09T09:40:20Z,6215986499,488,te
2026-10-09T09:40:20Z,9765324104,918,te
2026-10-09T09:40:20Z,8964956538,2079,te
2026-10-09T09:40:20Z,97314177,731,te
2026-10-09T09:40:20Z,3734304510,696,te
2026-10-09T09:40:20Z,10698216738,4439,te
2026-10-09T09:40:20Z,5125369493,4257,te
2026-10-09T09:40:20Z,3730079862,3565,te
2026-10-09T09:40:20Z,4582358979,1551,te
2026-10-09T09:40:20Z,9317784977,1627,te
2026-10-09T09:40:20Z,10209534490,2712,te
2026-10-09T09:40:20Z,10759478428,3557,te
2026-10-09T09:40:20Z,10765153945,8970,te mp tt uc
2026-10-09T09:40:20Z,10226261982,3749,te
2026-10-09T09:40:20Z,9362896961,2963,te
2026-10-09T09:40:20Z,10765579304,745,te
2026-10-09T09:40:20Z,10631775021,2256,te
2026-10-09T09:40:20Z,10057343903,2264,te
2026-10-09T09:40:20Z,10445832507,588,te
2026-10-09T09:40:20Z,6505338302,277,te
2026-10-09T09:40:20Z,10759594563,1559,te
2026-10-09T09:40:20Z,10765067592,4546,te
2026-10-09T09:40:20Z,10566677406,2738,te
2026-10-09T09:40:20Z,10187294555,2041,te
2026-10-09T09:40:20Z,10766494202,260,te
2026-10-09T09:40:20Z,10761375938,1757,te
2026-10-09T09:40:20Z,2471084,5310,te
2026-10-09T09:40:20Z,10455462279,2359,te
2026-10-09T09:40:20Z,9940812243,2674,te
2026-10-09T09:40:20Z,10767240772,2525,te tt uc
2026-10-09T09:40:20Z,10404519332,1347,te
2026-10-09T09:40:20Z,911750776,1696,te
2026-10-09T09:40:20Z,9363735110,3561,te
2026-10-09T09:40:20Z,10439568447,2127,te
2026-10-09T09:40:20Z,6443367640,6693,te
2026-10-09T09:40:20Z,10612017628,2761,te
2026-10-09T09:40:20Z,6100103590,628,te
2026-10-09T09:40:20Z,4540138978,10880,te pn
2026-10-09T09:40:20Z,10336278580,2223,te
2026-10-09T09:40:20Z,3457700596,1922,te
2026-10-09T09:40:20Z,7960300951,2786,te
2026-10-09T09:40:20Z,10764839604,5249,te
2026-10-09T09:40:20Z,10410945205,2237,te
2026-10-09T09:40:20Z,10765122642,2001,te
2026-10-09T09:40:20Z,10310563053,2428,te
2026-10-09T09:40:20Z,10502841145,10301,te pn
2026-10-09T09:40:20Z,5576955991,1114,te
2026-10-09T09:40:20Z,4165164803,2941,te
2026-10-09T09:40:20Z,4193032947,1531,te
2026-10-09T09:40:20Z,10701628624,5307,te mp tt
2026-10-09T09:40:20Z,10768462078,1766,te
2026-10-09T09:40:20Z,10514223296,1328,te
2026-10-09T09:40:20Z,10648820673,8294,te pn
2026-10-09T09:40:20Z,5265857965,3622,te
2026-10-09T09:40:20Z,10069043526,1135,te
2026-10-09T09:40:20Z,5272606478,1093,te
2026-10-09T09:40:20Z,10471583973,1327,te
2026-10-09T09:40:20Z,10765906597,2616,te
2026-10-09T09:40:20Z,7884563721,290,te
2026-10-09T09:40:20Z,9949288829,790,te
2026-10-09T09:40:20Z,4130569984,795,te
2026-10-09T09:40:20Z,3808223175,816,te
2026-10-09T09:40:20Z,10389762549,1290,te
2026-10-09T09:40:20Z,10223976219,2963,te
2026-10-09T09:40:20Z,9324081218,106,te
2026-10-09T09:40:20Z,4263576532,400,te
2026-10-09T09:40:20Z,7843413523,925,te
2026-10-09T09:40:20Z,7750955984,1021,te
2026-10-09T09:40:20Z,8906870648,784,te
2026-10-09T09:40:20Z,10761884278,55,te
2026-10-09T09:40:20Z,110181652,1042,te
2026-10-09T09:40:20Z,7787359931,3621,te
2026-10-09T09:40:20Z,2139712082,444,te
2026-10-09T09:40:20Z,10263732883,1405,te
2026-10-09T09:40:20Z,3873871110,1812,te
2026-10-09T09:40:20Z,10737231383,2063,te
2026-10-09T09:40:20Z,10485201326,2195,te
2026-10-09T09:40:20Z,6770632849,359,te
2026-10-09T09:40:20Z,10768176407,5244,te uc
2026-10-09T09:40:20Z,10460801145,14309,te mp pn
2026-10-09T09:40:20Z,3365661357,436,te
2026-10-09T09:40:20Z,10768023539,14765,te pn tt uc
2026-10-09T09:40:20Z,9150731899,1217,te
2026-10-09T09:40:20Z,10764404786,1159,te
2026-10-09T09:40:20Z,605887098,1529,te
2026-10-09T09:40:20Z,4723764956,6890,te
2026-10-09T09:40:20Z,10298144467,1817,te
2026-10-09T09:40:20Z,6751447237,2501,te
2026-10-09T09:40:20Z,10766349481,1602,te tt uc
2026-10-09T09:40:20Z,10769043472,553,te
2026-10-09T09:40:20Z,6466404775,3191,te
2026-10-09T09:40:20Z,10390151142,428,te
2026-10-09T09:40:20Z,9067189974,2422,te
2026-10-09T09:40:20Z,3419284255,1530,te
2026-10-09T09:40:20Z,5091490171,912,te
2026-10-09T09:40:20Z,4925331346,3160,te
2026-10-09T09:40:20Z,10757704931,2166,te uc
2026-10-09T09:40:20Z,10593482707,2646,te
2026-10-09T09:40:20Z,9141743926,2513,te
2026-10-09T09:40:20Z,7474367816,4942,te
2026-10-09T09:40:20Z,5812546130,467,te
2026-10-09T09:40:20Z,98839997,193,te
2026-10-09T09:40:20Z,9296042754,5011,te
2026-10-09T09:40:20Z,9382839773,1550,te
2026-10-09T09:40:20Z,6619936488,1665,te
2026-10-09T09:40:20Z,4263371487,618,te
2026-10-09T09:40:20Z,9996384072,1034,te
2026-10-09T09:40:20Z,7665084235,307,te
2026-10-09T09:40:20Z,8246907060,732,te
2026-10-09T09:40:20Z,10761200080,475,te
2026-10-09T09:40:20Z,4079077350,667,te
2026-10-09T09:40:20Z,7359962123,1821,te
2026-10-09T09:40:20Z,1531130248,1720,te
2026-10-09T09:40:20Z,9169166771,879,te
2026-10-09T09:40:20Z,9091734830,199,te
2026-10-09T09:40:20Z,6324644175,3467,te
2026-10-09T09:40:20Z,5972059550,1282,te
2026-10-09T09:40:20Z,10764297006,4340,te
2026-10-09T09:40:20Z,10153098880,1779,te
2026-10-09T09:40:20Z,10766064142,868,te
2026-10-09T09:40:20Z,10590260635,2398,te
2026-10-09T09:40:20Z,4201418016,348,te
2026-10-09T09:40:20Z,10714746778,3932,te
2026-10-09T09:40:20Z,7332711118,1841,te
2026-10-09T09:40:20Z,10767634248,17915,te mp pn tt uc
2026-10-09T09:40:20Z,10603011269,1158,te
2026-10-09T09:40:20Z,10764883692,753,te
2026-10-09T09:40:20Z,6170143659,2689,te
2026-10-09T09:40:20Z,7058980030,3035,te
2026-10-09T09:40:20Z,7178032757,5061,te
2026-10-09T09:40:20Z,10598688389,1855,te
2026-10-09T09:40:20Z,10376944238,3508,te
2026-10-09T09:40:20Z,4666414595,154,te
2026-10-09T09:40:20Z,4293374620,9282,te mp
2026-10-09T09:40:20Z,10767824942,7795,te uc
2026-10-09T09:40:20Z,10553704684,5019,te
2026-10-09T09:40:20Z,10759518799,2827,te tt
2026-10-09T09:40:20Z,10324001605,2319,te
2026-10-09T09:40:20Z,10766506199,12517,te mp pn tt uc
2026-10-09T09:40:20Z,10764415267,2861,te uc
2026-10-09T09:40:20Z,10514280922,552,te
2026-10-09T09:40:20Z,2640407187,4692,te
2026-10-09T09:40:20Z,9815834699,1629,te
2026-10-09T09:40:20Z,10415694629,2783,te
2026-10-09T09:40:20Z,7856039629,4548,te
2026-10-09T09:40:20Z,10529067596,1074,te
2026-10-09T09:40:20Z,8360491918,1324,te
2026-10-09T09:40:20Z,6272727021,1737,te
2026-10-09T09:40:20Z,5829613337,1677,te
2026-10-09T09:40:20Z,6118645803,377,te
2026-10-09T09:40:20Z,10589388621,325,te
2026-10-09T09:40:20Z,2711375305,38551,mp pn
2026-10-09T09:40:20Z,9294074907,16218,mp pn
2026-10-09T09:40:20Z,8178086002,13703,mp pn tt
2026-10-09T09:40:20Z,10744310825,19282,mp pn tt
2026-10-09T09:40:20Z,10767825538,61091,mp pn tt uc
2026-10-09T09:40:20Z,10765637643,7761,mp tt
2026-10-09T09:40:20Z,7948426536,4300,mp
2026-10-09T09:40:20Z,9296252245,6483,mp
2026-10-09T09:40:20Z,7554119808,11033,mp pn
2026-10-09T09:40:20Z,5283219861,8401,mp
2026-10-09T09:40:20Z,10665420648,4991,mp tt
2026-10-09T09:40:20Z,10764613327,1708,mp tt
2026-10-09T09:40:20Z,10764221401,6752,mp tt
2026-10-09T09:40:20Z,10057403337,8359,mp
2026-10-09T09:40:20Z,10764640833,3317,mp
2026-10-09T09:40:20Z,10278774552,4505,mp tt
2026-10-09T09:40:20Z,10767922762,5257,mp tt uc
2026-10-09T09:40:20Z,10766138478,8375,mp uc
2026-10-09T09:40:20Z,9957338123,3505,mp
2026-10-09T09:40:20Z,4049246711,15903,pn
2026-10-09T09:40:20Z,10768565603,15403,pn tt uc
2026-10-09T09:40:20Z,10765490774,13873,pn uc
2026-10-09T09:40:20Z,3310460039,13191,pn
2026-10-09T09:40:20Z,10767567751,12947,pn uc
2026-10-09T09:40:20Z,1000233041,11242,pn tt
2026-10-09T09:40:20Z,10766240516,11226,pn uc
2026-10-09T09:40:20Z,7265977477,3989,tt
2026-10-09T09:40:20Z,10765785152,1709,tt uc
2026-10-09T09:40:20Z,1451869528,2265,tt
2026-10-09T09:40:20Z,2157233282,543,tt
2026-10-09T09:40:20Z,7646154613,1967,tt
2026-10-09T09:40:20Z,10768425253,466,tt uc
2026-10-09T09:40:20Z,10742198859,520,tt
2026-10-09T09:40:20Z,7005891584,2012,tt
2026-10-09T09:40:20Z,6128091457,3081,tt
2026-10-09T09:40:20Z,4267277633,1868,tt
2026-10-09T09:40:20Z,10117986107,1450,tt
2026-10-09T09:40:20Z,9843234816,1085,tt
2026-10-09T09:40:20Z,10765541201,2002,tt uc
2026-10-09T09:40:20Z,10030829154,2612,tt
2026-10-09T09:40:20Z,10638886777,4311,tt
2026-10-09T09:40:20Z,10767566226,9192,tt uc
2026-10-09T09:40:20Z,10597001332,1420,tt uc
2026-10-09T09:40:20Z,10036955953,4637,tt
2026-10-09T09:40:20Z,9825259729,8000,tt
2026-10-09T09:40:20Z,9774451882,1537,tt
2026-10-09T09:40:20Z,10399174001,4054,tt
2026-10-09T09:40:20Z,10247797619,1610,tt
2026-10-09T09:40:20Z,10768026334,2283,tt uc
2026-10-09T09:40:20Z,10766390665,1334,tt uc
2026-10-09T09:40:20Z,6818915584,1269,tt
2026-10-09T09:40:20Z,10588785840,407,tt
2026-10-09T09:40:20Z,10473810300,2069,tt
2026-10-09T09:40:20Z,10767012496,3331,tt uc
2026-10-09T09:40:20Z,7453941040,2883,tt
2026-10-09T09:40:20Z,10766725034,8205,tt uc
2026-10-09T09:40:20Z,10575295323,4763,tt
2026-10-09T09:40:20Z,10766395909,4045,tt uc
2026-10-09T09:40:20Z,10478974655,6025,tt
2026-10-09T09:40:20Z,3945578236,6230,tt
2026-10-09T09:40:20Z,10768316438,9938,tt uc
2026-10-09T09:40:20Z,6049736902,1575,tt
2026-10-09T09:40:20Z,10171730665,504,tt
2026-10-09T09:40:20Z,8869088870,1880,tt
2026-10-09T09:40:20Z,10737256446,861,tt
2026-10-09T09:40:20Z,6635513269,3461,tt
2026-10-09T09:40:20Z,10766309747,3767,tt uc
2026-10-09T09:40:20Z,10739112966,3672,tt
2026-10-09T09:40:20Z,9830725726,1910,tt
2026-10-09T09:40:20Z,7398552394,8316,tt
2026-10-09T09:40:20Z,10768351352,1103,tt uc
2026-10-09T09:40:20Z,10351850295,1839,tt
2026-10-09T09:40:20Z,10769396182,4254,tt uc
2026-10-09T09:40:20Z,6940206974,977,tt
2026-10-09T09:40:20Z,10768012048,2923,tt uc
2026-10-09T09:40:20Z,8271581262,1802,tt
2026-10-09T09:40:20Z,10767138232,6326,uc
2026-10-09T09:40:20Z,10766812244,762,uc
2026-10-09T09:40:20Z,10767380385,9402,uc
2026-10-09T09:40:20Z,10765491459,7680,uc
2026-10-09T09:40:20Z,10424350877,2081,uc
2026-10-09T09:40:20Z,10766588474,2185,uc
2026-10-09T09:40:20Z,10768428243,2782,uc
2026-10-09T09:40:20Z,10766142497,2354,uc
2026-10-09T09:40:20Z,10765635650,3118,uc
2026-10-09T09:40:20Z,10589881655,1902,uc
2026-10-09T09:40:20Z,10765716033,1441,uc
2026-10-09T09:40:20Z,10766845655,3749,uc
2026-10-09T09:40:20Z,10768314358,2117,uc
2026-10-09T09:40:20Z,10767784294,887,uc
2026-10-09T09:40:20Z,10768202113,3270,uc
2026-10-09T09:40:20Z,10212081143,649,uc
2026-10-09T09:40:20Z,10308844888,3662,uc
2026-10-09T09:40:20Z,10765626707,4443,uc
2026-10-09T09:40:20Z,10766687030,3300,uc
2026-10-09T09:40:20Z,10765563835,2182,uc
2026-10-09T09:40:20Z,10767780358,2381,uc
2026-10-09T09:40:20Z,10764980068,2362,uc
2026-10-09T09:40:20Z,6385532960,10,
2026-10-09T09:40:20Z,10765629453,771,
2026-10-09T09:40:20Z,10724269636,2037,
2026-10-09T09:40:20Z,9511454418,240,
2026-10-09T09:40:20Z,10463578886,656,
2026-10-09T09:40:20Z,10534873486,5659,
2026-10-09T09:40:20Z,10447234038,128,
2026-10-09T09:40:20Z,10454554751,1152,
2026-10-09T09:40:20Z,5117983607,1926,
2026-10-09T09:40:20Z,10604772590,1845,
2026-10-09T09:40:20Z,9549894418,96,
2026-10-09T09:40:20Z,2851381018,7826,
2026-10-09T09:40:20Z,7996365376,3804,
2026-10-09T09:40:20Z,1769712451,386,
2026-10-09T09:40:20Z,10649255304,4758,
2026-10-09T09:40:20Z,10630800860,9153,
2026-10-09T09:40:20Z,10574333980,227,
2026-10-09T09:40:20Z,9677117262,341,
2026-10-09T09:40:20Z,10091766471,1839,
2026-10-09T09:40:20Z,6136243726,2209,
2026-10-09T09:40:20Z,10737986845,8155,
2026-10-09T09:40:20Z,9522015993,929,
2026-10-09T09:40:20Z,10335443723,396,
2026-10-09T09:40:20Z,10766439439,279,
2026-10-09T09:40:20Z,10766004084,1886,
2026-10-09T09:40:20Z,10603675889,3355,
2026-10-09T09:40:20Z,10766364164,1474,
2026-10-09T09:40:20Z,10766109756,3899,
2026-10-09T09:40:20Z,1852226622,8749,
2026-10-09T09:40:20Z,10682172994,2141,
2026-10-09T09:40:20Z,5039839070,2162,
2026-10-09T09:40:20Z,10751572992,416,
2026-10-09T09:40:20Z,1359573625,1485,
2026-10-09T09:40:20Z,4452297356,4879,
2026-10-09T09:40:20Z,4924789901,2901,
2026-10-09T09:40:20Z,5633615594,847,
2026-10-09T09:40:20Z,5903289376,1309,
2026-10-09T09:40:20Z,6343995637,848,
2026-10-09T09:40:20Z,6690355795,907,
2026-10-09T09:40:20Z,7182318649,1179,
2026-10-09T09:40:20Z,7447878628,197,
2026-10-09T09:40:20Z,7497471789,2721,
2026-10-09T09:40:20Z,7911332924,1140,
2026-10-09T09:40:20Z,7917550094,924,
2026-10-09T09:40:20Z,8307114974,4522,
2026-10-09T09:40:20Z,8887067988,208,
2026-10-09T09:40:20Z,9199655655,7486,
2026-10-09T09:40:20Z,9840483947,1749,
2026-10-09T09:40:20Z,10064401653,292,
2026-10-09T09:40:20Z,10420832668,152,
2026-10-09T09:40:20Z,10428418645,714,
2026-10-09T09:40:20Z,10440499034,683,
2026-10-09T09:40:20Z,10558880394,833,
2026-10-09T09:40:20Z,10761375767,1087,
2026-10-09T09:40:20Z,10766578375,3439,
2026-10-09T16:38:14Z,10563114921,1618697,te mp pn
2026-10-09T16:38:14Z,6035872082,198402,te mp pn
2026-10-09T16:38:14Z,383310974,404953,te mp pn tt
2026-10-09T16:38:14Z,994732206,231480,te mp pn
2026-10-09T16:38:14Z,5569032992,163711,te mp pn tt
2026-10-09T16:38:14Z,5595353122,77462,te mp pn
2026-10-09T16:38:14Z,4777817887,21633,te mp pn
2026-10-09T16:38:14Z,1686885941,437660,te mp pn
2026-10-09T16:38:14Z,66654135,250945,te mp pn
2026-10-09T16:38:14Z,7326934954,288079,te mp pn tt
2026-10-09T16:38:14Z,9584852943,96168,te mp pn
2026-10-09T16:38:14Z,3508322461,158335,te mp pn tt
2026-10-09T16:38:14Z,5750914919,74673,te mp pn
2026-10-09T16:38:14Z,5203828273,71272,te mp pn
2026-10-09T16:38:14Z,10765012427,20722,te mp pn
2026-10-09T16:38:14Z,10035204815,82110,te mp pn
2026-10-09T16:38:14Z,7709344486,93166,te mp pn
2026-10-09T16:38:14Z,3317771874,48011,te pn
2026-10-09T16:38:14Z,6331902150,54801,te mp pn
2026-10-09T16:38:14Z,2440500124,71211,te mp pn tt
2026-10-09T16:38:14Z,6931042565,51953,te mp pn tt
2026-10-09T16:38:14Z,10684750879,38727,te mp pn
2026-10-09T16:38:14Z,10732236937,10466,te
2026-10-09T16:38:14Z,5995470825,31609,te mp pn
2026-10-09T16:38:14Z,10148749921,45084,te mp pn
2026-10-09T16:38:14Z,88070565,29135,te pn
2026-10-09T16:38:14Z,2619619496,25201,te mp pn
2026-10-09T16:38:14Z,10764627709,110139,te mp pn tt uc
2026-10-09T16:38:14Z,9534705677,24124,te mp pn tt
2026-10-09T16:38:14Z,10708913337,58072,te mp pn
2026-10-09T16:38:14Z,1176784616,78225,te pn
2026-10-09T16:38:14Z,10685282333,49677,te mp pn tt
2026-10-09T16:38:14Z,10258991999,23095,te mp pn
2026-10-09T16:38:14Z,3808081382,58100,te mp pn
2026-10-09T16:38:14Z,3990106548,4677,te
2026-10-09T16:38:14Z,10436530264,26107,te pn tt
2026-10-09T16:38:14Z,1831550657,21349,te pn
2026-10-09T16:38:14Z,648454481,17863,te pn
2026-10-09T16:38:14Z,1516533665,17847,te mp pn
2026-10-09T16:38:14Z,10173311467,12280,te mp
2026-10-09T16:38:14Z,578392296,14294,te
2026-10-09T16:38:14Z,10765298801,50342,te mp pn tt uc
2026-10-09T16:38:14Z,1235188606,7305,te
2026-10-09T16:38:14Z,3541611379,5487,te
2026-10-09T16:38:14Z,10756011174,21794,te mp pn
2026-10-09T16:38:14Z,9837612476,10069,te
2026-10-09T16:38:14Z,7585140258,12537,te mp
2026-10-09T16:38:14Z,10737656087,4372,te
2026-10-09T16:38:14Z,4750561026,10388,te
2026-10-09T16:38:14Z,903807016,7852,te
2026-10-09T16:38:14Z,1202096104,27355,te mp pn
2026-10-09T16:38:14Z,184199275,10197,te
2026-10-09T16:38:14Z,9891331827,5106,te
2026-10-09T16:38:14Z,7219654364,47968,te mp pn
2026-10-09T16:38:14Z,10282097014,20272,te pn tt uc
2026-10-09T16:38:14Z,3647333358,41845,te mp pn
2026-10-09T16:38:14Z,9855761734,15444,te
2026-10-09T16:38:14Z,10261267004,14087,te
2026-10-09T16:38:14Z,9931749389,9160,te
2026-10-09T16:38:14Z,7436755782,18648,te mp pn
2026-10-09T16:38:14Z,10667357873,12071,te tt
2026-10-09T16:38:14Z,1526814825,12384,te
2026-10-09T16:38:14Z,10765288803,94264,te mp pn tt uc
2026-10-09T16:38:14Z,10700618962,11202,te
2026-10-09T16:38:14Z,6765805766,26596,te pn
2026-10-09T16:38:14Z,6749060816,6616,te
2026-10-09T16:38:14Z,4658598196,14945,te
2026-10-09T16:38:14Z,7008097940,12980,te
2026-10-09T16:38:14Z,4673599750,2081,te
2026-10-09T16:38:14Z,7633926880,19327,te pn
2026-10-09T16:38:14Z,7028566528,8656,te
2026-10-09T16:38:14Z,6325068386,17589,te pn
2026-10-09T16:38:14Z,1016936714,12541,te
2026-10-09T16:38:14Z,8719555347,18005,te mp pn
2026-10-09T16:38:14Z,10624691669,10285,te mp
2026-10-09T16:38:14Z,6701277882,75004,te pn
2026-10-09T16:38:14Z,7089588429,8982,te mp
2026-10-09T16:38:14Z,7264587281,3600,te
2026-10-09T16:38:14Z,601130232,28491,te pn
2026-10-09T16:38:14Z,10643795368,4502,te
2026-10-09T16:38:14Z,321778215,8242,te
2026-10-09T16:38:14Z,2682938349,5313,te
2026-10-09T16:38:14Z,850110028,3654,te
2026-10-09T16:38:14Z,1525626450,5320,te
2026-10-09T16:38:14Z,5361032378,31877,te pn
2026-10-09T16:38:14Z,4991126644,1509,te
2026-10-09T16:38:14Z,10512942223,43662,te pn tt uc
2026-10-09T16:38:14Z,371263894,6270,te
2026-10-09T16:38:14Z,10741792653,2999,te
2026-10-09T16:38:14Z,2992873140,16726,te pn
2026-10-09T16:38:14Z,4931927012,3571,te
2026-10-09T16:38:14Z,10004244222,12576,te mp
2026-10-09T16:38:14Z,5578556129,25174,te pn
2026-10-09T16:38:14Z,10155360168,55646,te mp pn
2026-10-09T16:38:14Z,10399136326,16793,te mp pn
2026-10-09T16:38:14Z,10636331438,7950,te
2026-10-09T16:38:14Z,1278035280,7948,te
2026-10-09T16:38:14Z,1946714362,2620,te
2026-10-09T16:38:14Z,8520148363,4837,te
2026-10-09T16:38:14Z,6682487255,5432,te
2026-10-09T16:38:14Z,5166944221,6398,te
2026-10-09T16:38:14Z,2783797267,12016,te
2026-10-09T16:38:14Z,9641502068,17596,te mp pn
2026-10-09T16:38:14Z,6760085372,5337,te
2026-10-09T16:38:14Z,2380077519,15255,te
2026-10-09T16:38:14Z,2251388500,2711,te
2026-10-09T16:38:14Z,7395930870,14927,te
2026-10-09T16:38:14Z,10550257968,14415,te mp tt
2026-10-09T16:38:14Z,10039889230,5189,te
2026-10-09T16:38:14Z,10231502419,3075,te
2026-10-09T16:38:14Z,9051406594,10235,te
2026-10-09T16:38:14Z,6945584306,10989,te
2026-10-09T16:38:14Z,1268927906,6761,te
2026-10-09T16:38:14Z,6061766680,3097,te
2026-10-09T16:38:14Z,10200395747,2900,te
2026-10-09T16:38:14Z,10431718987,3810,te
2026-10-09T16:38:14Z,10681914462,19166,te mp pn
2026-10-09T16:38:14Z,3183403065,2202,te
2026-10-09T16:38:14Z,9978329815,18729,te mp pn tt
2026-10-09T16:38:14Z,3240075297,49225,te mp pn tt
2026-10-09T16:38:14Z,245662005,8040,te
2026-10-09T16:38:14Z,9796898051,14599,te
2026-10-09T16:38:14Z,10532995815,5758,te
2026-10-09T16:38:14Z,4839802560,46604,te mp pn
2026-10-09T16:38:14Z,9872734936,6210,te
2026-10-09T16:38:14Z,7108384194,15094,te
2026-10-09T16:38:14Z,3012965062,6893,te
2026-10-09T16:38:14Z,10748543623,3884,te
2026-10-09T16:38:14Z,10766812776,6378,te uc
2026-10-09T16:38:14Z,3936365689,1627,te
2026-10-09T16:38:14Z,10526853622,8232,te
2026-10-09T16:38:14Z,10742937135,2931,te tt
2026-10-09T16:38:14Z,10764887435,1820,te
2026-10-09T16:38:14Z,3405618667,3633,te
2026-10-09T16:38:14Z,6521100398,35886,te mp pn tt
2026-10-09T16:38:14Z,10766008884,11706,te tt uc
2026-10-09T16:38:14Z,10765582175,13603,te tt
2026-10-09T16:38:14Z,10529769390,7807,te
2026-10-09T16:38:14Z,10246108265,4188,te
2026-10-09T16:38:14Z,6336741296,4057,te
2026-10-09T16:38:14Z,1390601379,1955,te
2026-10-09T16:38:14Z,7883776681,7321,te
2026-10-09T16:38:14Z,10753751277,8455,te
2026-10-09T16:38:14Z,10717002748,4330,te
2026-10-09T16:38:14Z,10440833423,2639,te
2026-10-09T16:38:14Z,7094518649,10314,te
2026-10-09T16:38:14Z,4987856151,8801,te tt
2026-10-09T16:38:14Z,10634461028,16479,te mp pn
2026-10-09T16:38:14Z,10740316645,10013,te
2026-10-09T16:38:14Z,10741654282,13825,te
2026-10-09T16:38:14Z,10764533320,6557,te
2026-10-09T16:38:14Z,10759337137,7087,te
2026-10-09T16:38:14Z,210851291,17684,te pn
2026-10-09T16:38:14Z,9970645639,7410,te
2026-10-09T16:38:14Z,9910245722,3762,te
2026-10-09T16:38:14Z,10552240401,4291,te
2026-10-09T16:38:14Z,9551044479,3216,te
2026-10-09T16:38:14Z,10762388019,9471,te mp
2026-10-09T16:38:14Z,10577588270,2992,te
2026-10-09T16:38:14Z,10759638075,12626,te
2026-10-09T16:38:14Z,4568630521,5353,te
2026-10-09T16:38:14Z,1802741133,3262,te
2026-10-09T16:38:14Z,10321202755,7083,te
2026-10-09T16:38:14Z,9880286438,7015,te
2026-10-09T16:38:14Z,10766056678,24713,te mp pn tt uc
2026-10-09T16:38:14Z,10675117523,14037,te
2026-10-09T16:38:14Z,5650396773,12637,te
2026-10-09T16:38:14Z,2527789729,3472,te
2026-10-09T16:38:14Z,7265339759,1131,te
2026-10-09T16:38:14Z,8524572339,3320,te
2026-10-09T16:38:14Z,4348829796,11305,te
2026-10-09T16:38:14Z,10230942274,10625,te
2026-10-09T16:38:14Z,6174994284,3854,te
2026-10-09T16:38:14Z,2788648141,2623,te
2026-10-09T16:38:14Z,6726637224,2644,te
2026-10-09T16:38:14Z,10762757054,6901,te mp
2026-10-09T16:38:14Z,10673920146,17475,te mp pn tt
2026-10-09T16:38:14Z,9561553764,14551,te mp
2026-10-09T16:38:14Z,10648640958,2661,te
2026-10-09T16:38:14Z,10765686447,20157,te mp pn tt
2026-10-09T16:38:14Z,3110388936,2778,te
2026-10-09T16:38:14Z,10761687472,6711,te mp
2026-10-09T16:38:14Z,4420562665,10028,te
2026-10-09T16:38:14Z,10541331578,1700,te
2026-10-09T16:38:14Z,10765013362,9763,te
2026-10-09T16:38:14Z,4730278139,10106,te
2026-10-09T16:38:14Z,7673659635,3045,te
2026-10-09T16:38:14Z,6504986360,7045,te
2026-10-09T16:38:14Z,1451439645,5950,te
2026-10-09T16:38:14Z,10430019389,4938,te
2026-10-09T16:38:14Z,703124385,52113,te mp pn
2026-10-09T16:38:14Z,10764897725,19191,te mp pn
2026-10-09T16:38:14Z,1494262959,2363,te
2026-10-09T16:38:14Z,10424107160,6016,te
2026-10-09T16:38:14Z,10765091041,5472,te uc
2026-10-09T16:38:14Z,5422546686,2423,te
2026-10-09T16:38:14Z,5026122481,4728,te
2026-10-09T16:38:14Z,65241,7784,te mp
2026-10-09T16:38:14Z,985731078,1738,te
2026-10-09T16:38:14Z,7703614594,4997,te
2026-10-09T16:38:14Z,10552540426,1728,te
2026-10-09T16:38:14Z,31970568,4240,te
2026-10-09T16:38:14Z,10766721625,18245,te mp pn tt uc
2026-10-09T16:38:14Z,3164075108,3225,te
2026-10-09T16:38:14Z,9656201728,1413,te
2026-10-09T16:38:14Z,8640389608,346,te
2026-10-09T16:38:14Z,7018190066,16141,te
2026-10-09T16:38:14Z,9167377564,18806,te mp pn
2026-10-09T16:38:14Z,10268960646,2165,te
2026-10-09T16:38:14Z,10144280947,10072,te mp
2026-10-09T16:38:14Z,10371406677,7890,te
2026-10-09T16:38:14Z,9582986239,3474,te
2026-10-09T16:38:14Z,10572887321,3558,te
2026-10-09T16:38:14Z,10765950109,4647,te
2026-10-09T16:38:14Z,10199301628,8379,te
2026-10-09T16:38:14Z,8618660961,1682,te
2026-10-09T16:38:14Z,2936053166,16662,te mp pn
2026-10-09T16:38:14Z,10415845204,2862,te
2026-10-09T16:38:14Z,1271059807,1289,te
2026-10-09T16:38:14Z,10475794799,3550,te
2026-10-09T16:38:14Z,6774320049,19246,te mp pn
2026-10-09T16:38:14Z,9788139379,3451,te
2026-10-09T16:38:14Z,10648555380,405,te
2026-10-09T16:38:14Z,10765167636,4146,te
2026-10-09T16:38:14Z,10628526114,4015,te
2026-10-09T16:38:14Z,10031562156,3980,te
2026-10-09T16:38:14Z,9348272796,5835,te
2026-10-09T16:38:14Z,7970033072,1510,te
2026-10-09T16:38:14Z,6739698191,57243,te mp pn
2026-10-09T16:38:14Z,10764479526,6681,te
2026-10-09T16:38:14Z,7613921865,6361,te
2026-10-09T16:38:14Z,9662130710,4047,te tt
2026-10-09T16:38:14Z,1008451066,2744,te
2026-10-09T16:38:14Z,10539411000,12000,te
2026-10-09T16:38:14Z,4983034985,22043,te pn
2026-10-09T16:38:14Z,21164849,6349,te
2026-10-09T16:38:14Z,9950184599,1963,te
2026-10-09T16:38:14Z,9312646406,3756,te
2026-10-09T16:38:14Z,274816972,3598,te
2026-10-09T16:38:14Z,1054526971,6023,te
2026-10-09T16:38:14Z,7143545906,950,te
2026-10-09T16:38:14Z,8841437826,1973,te
2026-10-09T16:38:14Z,9885372266,3746,te
2026-10-09T16:38:14Z,7488668004,10469,te
2026-10-09T16:38:14Z,113491250,3042,te
2026-10-09T16:38:14Z,4457060041,2632,te
2026-10-09T16:38:14Z,2668101271,36508,te mp pn
2026-10-09T16:38:14Z,7629331599,5682,te
2026-10-09T16:38:14Z,547524060,7959,te tt
2026-10-09T16:38:14Z,4949420752,27182,te mp pn
2026-10-09T16:38:14Z,9735583968,2741,te
2026-10-09T16:38:14Z,4342047058,10064,te
2026-10-09T16:38:14Z,10504918958,1913,te
2026-10-09T16:38:14Z,4793836769,3503,te
2026-10-09T16:38:14Z,10761143648,1916,te
2026-10-09T16:38:14Z,10765190004,6291,te
2026-10-09T16:38:14Z,6593476325,2402,te
2026-10-09T16:38:14Z,10116272705,10895,te
2026-10-09T16:38:14Z,10124403207,538,te
2026-10-09T16:38:14Z,2822776643,6162,te
2026-10-09T16:38:14Z,10739044772,4217,te
2026-10-09T16:38:14Z,10533638982,2625,te
2026-10-09T16:38:14Z,9826885587,4659,te
2026-10-09T16:38:14Z,7761516673,912,te
2026-10-09T16:38:14Z,73885730,7367,te
2026-10-09T16:38:14Z,10762636904,16605,te pn
2026-10-09T16:38:14Z,8829204428,2442,te
2026-10-09T16:38:14Z,47545,5545,te
2026-10-09T16:38:14Z,10763764817,10640,te mp
2026-10-09T16:38:14Z,2309918273,1332,te
2026-10-09T16:38:14Z,10144587520,5506,te
2026-10-09T16:38:14Z,5026970880,2495,te
2026-10-09T16:38:14Z,10561166339,13466,te tt
2026-10-09T16:38:14Z,6048923315,1217,te
2026-10-09T16:38:14Z,3747388906,828,te
2026-10-09T16:38:14Z,7934320560,1841,te
2026-10-09T16:38:14Z,10310999762,4520,te
2026-10-09T16:38:14Z,10761375767,4618,te
2026-10-09T16:38:14Z,10031505426,5831,te
2026-10-09T16:38:14Z,10452740285,2878,te
2026-10-09T16:38:14Z,8198412649,1416,te
2026-10-09T16:38:14Z,10762175328,271,te
2026-10-09T16:38:14Z,7661378108,800,te
2026-10-09T16:38:14Z,4497460596,1071,te
2026-10-09T16:38:14Z,1511883870,3529,te
2026-10-09T16:38:14Z,1742264997,2154,te
2026-10-09T16:38:14Z,9491545867,11923,te tt
2026-10-09T16:38:14Z,10138624079,8832,te
2026-10-09T16:38:14Z,4778845442,4159,te
2026-10-09T16:38:14Z,10309128556,910,te
2026-10-09T16:38:14Z,3308103880,9720,te
2026-10-09T16:38:14Z,10765708310,705,te
2026-10-09T16:38:14Z,7738524573,1671,te
2026-10-09T16:38:14Z,9073513091,1717,te
2026-10-09T16:38:14Z,4938220315,1618,te
2026-10-09T16:38:14Z,6858584271,856,te
2026-10-09T16:38:14Z,2350840700,1562,te
2026-10-09T16:38:14Z,10338952197,4500,te
2026-10-09T16:38:14Z,540382210,1539,te
2026-10-09T16:38:14Z,9908641400,3167,te
2026-10-09T16:38:14Z,2862098693,2935,te
2026-10-09T16:38:14Z,1782832995,1880,te
2026-10-09T16:38:14Z,7450497506,4165,te
2026-10-09T16:38:14Z,6161049307,7590,te
2026-10-09T16:38:14Z,10393438342,3818,te
2026-10-09T16:38:14Z,10608856704,8816,te mp tt
2026-10-09T16:38:14Z,98929893,1691,te
2026-10-09T16:38:14Z,9112256336,586,te
2026-10-09T16:38:14Z,10411998017,1988,te
2026-10-09T16:38:14Z,6786784563,1631,te
2026-10-09T16:38:14Z,10593319486,2361,te
2026-10-09T16:38:14Z,10739137760,3555,te
2026-10-09T16:38:14Z,10765751583,10803,te tt
2026-10-09T16:38:14Z,10767408330,20667,te pn tt uc
2026-10-09T16:38:14Z,10501944811,1882,te
2026-10-09T16:38:14Z,10765279487,2417,te
2026-10-09T16:38:14Z,6375110339,2143,te
2026-10-09T16:38:14Z,10759430423,4358,te
2026-10-09T16:38:14Z,10249209189,1489,te
2026-10-09T16:38:14Z,3837114739,1137,te
2026-10-09T16:38:14Z,7274244096,5525,te
2026-10-09T16:38:14Z,10767582899,8188,te
2026-10-09T16:38:14Z,10195997258,2348,te
2026-10-09T16:38:14Z,10075660664,370,te
2026-10-09T16:38:14Z,372226183,19239,te mp pn
2026-10-09T16:38:14Z,10765902945,4957,te
2026-10-09T16:38:14Z,9098570654,9415,te
2026-10-09T16:38:14Z,6215986499,643,te
2026-10-09T16:38:14Z,9765324104,2041,te
2026-10-09T16:38:14Z,8964956538,3205,te
2026-10-09T16:38:14Z,97314177,1874,te
2026-10-09T16:38:14Z,3734304510,1358,te
2026-10-09T16:38:14Z,10698216738,6272,te
2026-10-09T16:38:14Z,5125369493,4865,te
2026-10-09T16:38:14Z,3730079862,5414,te
2026-10-09T16:38:14Z,4582358979,1902,te
2026-10-09T16:38:14Z,9317784977,2016,te
2026-10-09T16:38:14Z,10209534490,3569,te
2026-10-09T16:38:14Z,10759478428,4910,te
2026-10-09T16:38:14Z,10765153945,12017,te mp tt uc
2026-10-09T16:38:14Z,10226261982,4676,te
2026-10-09T16:38:14Z,9362896961,3446,te
2026-10-09T16:38:14Z,10765579304,1048,te
2026-10-09T16:38:14Z,10631775021,3654,te
2026-10-09T16:38:14Z,10057343903,3835,te
2026-10-09T16:38:14Z,10445832507,1165,te
2026-10-09T16:38:14Z,6505338302,1997,te
2026-10-09T16:38:14Z,10759594563,3102,te
2026-10-09T16:38:14Z,10765067592,7694,te
2026-10-09T16:38:14Z,10566677406,3704,te
2026-10-09T16:38:14Z,10187294555,2466,te
2026-10-09T16:38:14Z,10766494202,739,te
2026-10-09T16:38:14Z,10761375938,2224,te
2026-10-09T16:38:14Z,2471084,7553,te
2026-10-09T16:38:14Z,10455462279,3617,te
2026-10-09T16:38:14Z,9940812243,2836,te
2026-10-09T16:38:14Z,10767240772,6706,te tt uc
2026-10-09T16:38:14Z,10404519332,2181,te
2026-10-09T16:38:14Z,911750776,3528,te
2026-10-09T16:38:14Z,9363735110,4868,te
2026-10-09T16:38:14Z,10439568447,3606,te
2026-10-09T16:38:14Z,6443367640,8700,te
2026-10-09T16:38:14Z,10612017628,3742,te
2026-10-09T16:38:14Z,6100103590,743,te
2026-10-09T16:38:14Z,4540138978,11541,te
2026-10-09T16:38:14Z,10336278580,2721,te
2026-10-09T16:38:14Z,3457700596,2723,te
2026-10-09T16:38:14Z,7960300951,3988,te
2026-10-09T16:38:14Z,10764839604,6342,te
2026-10-09T16:38:14Z,10410945205,3685,te
2026-10-09T16:38:14Z,10765122642,6158,te
2026-10-09T16:38:14Z,10310563053,3991,te
2026-10-09T16:38:14Z,10502841145,10987,te
2026-10-09T16:38:14Z,5576955991,1831,te
2026-10-09T16:38:14Z,4165164803,8238,te
2026-10-09T16:38:14Z,4193032947,1685,te
2026-10-09T16:38:14Z,10701628624,11818,te mp tt
2026-10-09T16:38:14Z,10514223296,2008,te
2026-10-09T16:38:14Z,10648820673,5843,te
2026-10-09T16:38:14Z,5265857965,4923,te
2026-10-09T16:38:14Z,10069043526,1827,te
2026-10-09T16:38:14Z,5272606478,1995,te
2026-10-09T16:38:14Z,10471583973,2481,te
2026-10-09T16:38:14Z,10765906597,5104,te
2026-10-09T16:38:14Z,7884563721,679,te
2026-10-09T16:38:14Z,9949288829,1302,te
2026-10-09T16:38:14Z,4130569984,1488,te
2026-10-09T16:38:14Z,3808223175,1614,te
2026-10-09T16:38:14Z,10389762549,1550,te
2026-10-09T16:38:14Z,10223976219,3955,te
2026-10-09T16:38:14Z,9324081218,123,te
2026-10-09T16:38:14Z,4263576532,1158,te
2026-10-09T16:38:14Z,7843413523,2234,te
2026-10-09T16:38:14Z,7750955984,1102,te
2026-10-09T16:38:14Z,8906870648,1137,te
2026-10-09T16:38:14Z,10761884278,195,te
2026-10-09T16:38:14Z,110181652,1789,te
2026-10-09T16:38:14Z,7787359931,3660,te
2026-10-09T16:38:14Z,2139712082,569,te
2026-10-09T16:38:14Z,10263732883,2521,te
2026-10-09T16:38:14Z,3873871110,1597,te
2026-10-09T16:38:14Z,10737231383,2973,te
2026-10-09T16:38:14Z,10485201326,2660,te
2026-10-09T16:38:14Z,6770632849,906,te
2026-10-09T16:38:14Z,10768176407,5977,te uc
2026-10-09T16:38:14Z,10460801145,18447,te mp pn
2026-10-09T16:38:14Z,3365661357,859,te
2026-10-09T16:38:14Z,10768023539,37256,te pn tt uc
2026-10-09T16:38:14Z,9150731899,2352,te
2026-10-09T16:38:14Z,10764404786,1185,te
2026-10-09T16:38:14Z,605887098,3158,te
2026-10-09T16:38:14Z,4723764956,12828,te
2026-10-09T16:38:14Z,10298144467,1843,te
2026-10-09T16:38:14Z,6751447237,4176,te
2026-10-09T16:38:14Z,10766349481,3234,te uc
2026-10-09T16:38:14Z,10769043472,1384,te
2026-10-09T16:38:14Z,6466404775,3568,te
2026-10-09T16:38:14Z,10390151142,1116,te
2026-10-09T16:38:14Z,9067189974,3064,te
2026-10-09T16:38:14Z,3419284255,2591,te
2026-10-09T16:38:14Z,5091490171,2101,te
2026-10-09T16:38:14Z,4925331346,4714,te
2026-10-09T16:38:14Z,10757704931,3447,te
2026-10-09T16:38:14Z,10593482707,3593,te
2026-10-09T16:38:14Z,9141743926,3779,te
2026-10-09T16:38:14Z,7474367816,5545,te
2026-10-09T16:38:14Z,5812546130,781,te
2026-10-09T16:38:14Z,98839997,291,te
2026-10-09T16:38:14Z,9296042754,7572,te
2026-10-09T16:38:14Z,9382839773,1803,te
2026-10-09T16:38:14Z,6619936488,2643,te
2026-10-09T16:38:14Z,4263371487,1159,te
2026-10-09T16:38:14Z,9996384072,1583,te
2026-10-09T16:38:14Z,7665084235,449,te
2026-10-09T16:38:14Z,8246907060,929,te
2026-10-09T16:38:14Z,10761200080,1204,te
2026-10-09T16:38:14Z,4079077350,908,te
2026-10-09T16:38:14Z,7359962123,3185,te
2026-10-09T16:38:14Z,1531130248,3471,te
2026-10-09T16:38:14Z,9169166771,982,te
2026-10-09T16:38:14Z,9091734830,579,te
2026-10-09T16:38:14Z,6324644175,5012,te
2026-10-09T16:38:14Z,5972059550,1865,te
2026-10-09T16:38:14Z,10764297006,8644,te
2026-10-09T16:38:14Z,10153098880,2115,te
2026-10-09T16:38:14Z,10766064142,1320,te
2026-10-09T16:38:14Z,10590260635,3601,te
2026-10-09T16:38:14Z,4201418016,456,te
2026-10-09T16:38:14Z,10714746778,6280,te
2026-10-09T16:38:14Z,7332711118,2057,te
2026-10-09T16:38:14Z,10767634248,27160,te mp pn tt uc
2026-10-09T16:38:14Z,10603011269,1289,te
2026-10-09T16:38:14Z,10764883692,836,te
2026-10-09T16:38:14Z,6170143659,5013,te
2026-10-09T16:38:14Z,7058980030,5179,te
2026-10-09T16:38:14Z,7178032757,5382,te
2026-10-09T16:38:14Z,10598688389,3214,te
2026-10-09T16:38:14Z,10376944238,6296,te
2026-10-09T16:38:14Z,4666414595,335,te
2026-10-09T16:38:14Z,4293374620,18327,te mp pn
2026-10-09T16:38:14Z,10767824942,8897,te uc
2026-10-09T16:38:14Z,10553704684,8638,te
2026-10-09T16:38:14Z,10759518799,7419,te tt
2026-10-09T16:38:14Z,10324001605,3313,te
2026-10-09T16:38:14Z,10766506199,24910,te mp pn tt uc
2026-10-09T16:38:14Z,10764415267,2355,te uc
2026-10-09T16:38:14Z,10514280922,757,te
2026-10-09T16:38:14Z,2640407187,3762,te
2026-10-09T16:38:14Z,9815834699,2893,te
2026-10-09T16:38:14Z,10415694629,6392,te
2026-10-09T16:38:14Z,7856039629,7910,te
2026-10-09T16:38:14Z,10529067596,1769,te
2026-10-09T16:38:14Z,8360491918,431,te
2026-10-09T16:38:14Z,6272727021,2038,te
2026-10-09T16:38:14Z,5829613337,3114,te
2026-10-09T16:38:14Z,6118645803,571,te
2026-10-09T16:38:14Z,10589388621,458,te
2026-10-09T16:38:14Z,2711375305,72545,mp pn
2026-10-09T16:38:14Z,9294074907,23430,mp pn
2026-10-09T16:38:14Z,8178086002,17698,mp pn tt
2026-10-09T16:38:14Z,10744310825,32469,mp pn tt
2026-10-09T16:38:14Z,10767825538,77010,mp pn tt uc
2026-10-09T16:38:14Z,10765637643,11353,mp tt
2026-10-09T16:38:14Z,7948426536,6485,mp
2026-10-09T16:38:14Z,9296252245,8909,mp
2026-10-09T16:38:14Z,7554119808,17200,mp pn
2026-10-09T16:38:14Z,5283219861,7282,mp
2026-10-09T16:38:14Z,10665420648,11359,mp tt
2026-10-09T16:38:14Z,10764613327,4118,mp tt
2026-10-09T16:38:14Z,10764221401,11174,mp tt
2026-10-09T16:38:14Z,10057403337,10552,mp
2026-10-09T16:38:14Z,10764640833,6360,mp
2026-10-09T16:38:14Z,10278774552,7048,mp tt
2026-10-09T16:38:14Z,10767922762,9139,mp tt uc
2026-10-09T16:38:14Z,10766138478,9613,mp uc
2026-10-09T16:38:14Z,9957338123,6038,mp
2026-10-09T16:38:14Z,10768565603,24940,pn tt uc
2026-10-09T16:38:14Z,4049246711,19402,pn
2026-10-09T16:38:14Z,7398552394,18445,pn tt
2026-10-09T16:38:14Z,10630800860,17843,pn tt
2026-10-09T16:38:14Z,3310460039,17687,pn
2026-10-09T16:38:14Z,10767380385,16653,pn tt uc
2026-10-09T16:38:14Z,7265977477,4821,tt
2026-10-09T16:38:14Z,10765785152,3038,tt uc
2026-10-09T16:38:14Z,1451869528,4675,tt
2026-10-09T16:38:14Z,10768425253,9788,tt uc
2026-10-09T16:38:14Z,2157233282,1611,tt
2026-10-09T16:38:14Z,6128091457,4127,tt
2026-10-09T16:38:14Z,10766725034,12280,tt uc
2026-10-09T16:38:14Z,7005891584,2621,tt
2026-10-09T16:38:14Z,10638886777,8515,tt
2026-10-09T16:38:14Z,4267277633,2954,tt
2026-10-09T16:38:14Z,10767566226,10323,tt uc
2026-10-09T16:38:14Z,10768026334,6918,tt uc
2026-10-09T16:38:14Z,7646154613,2410,tt
2026-10-09T16:38:14Z,3945578236,13015,tt
2026-10-09T16:38:14Z,9825259729,10420,tt
2026-10-09T16:38:14Z,10036955953,5887,tt
2026-10-09T16:38:14Z,10742198859,947,tt
2026-10-09T16:38:14Z,10399174001,7037,tt
2026-10-09T16:38:14Z,10767012496,12827,tt uc
2026-10-09T16:38:14Z,10478974655,8663,tt
2026-10-09T16:38:14Z,10575295323,8109,tt
2026-10-09T16:38:14Z,10768316438,11208,tt uc
2026-10-09T16:38:14Z,10765541201,4088,tt uc
2026-10-09T16:38:14Z,10766390665,4568,tt uc
2026-10-09T16:38:14Z,10766240516,16131,tt uc
2026-10-09T16:38:14Z,10597001332,4266,tt uc
2026-10-09T16:38:14Z,6688157118,2846,tt
2026-10-09T16:38:14Z,10766395909,7775,tt uc
2026-10-09T16:38:14Z,10765490774,13578,tt uc
2026-10-09T16:38:14Z,10117986107,1319,tt
2026-10-09T16:38:14Z,6635513269,7659,tt
2026-10-09T16:38:14Z,10767567751,15321,tt uc
2026-10-09T16:38:14Z,1000233041,13508,tt
2026-10-09T16:38:14Z,5239362765,7795,tt
2026-10-09T16:38:14Z,10247797619,2675,tt
2026-10-09T16:38:14Z,10496189928,8280,tt
2026-10-09T16:38:14Z,10768012048,4489,tt uc
2026-10-09T16:38:14Z,10473810300,2726,tt
2026-10-09T16:38:14Z,10739112966,8990,tt
2026-10-09T16:38:14Z,10737986845,9354,tt
2026-10-09T16:38:14Z,10765491459,11950,tt uc
2026-10-09T16:38:14Z,9843234816,1401,tt
2026-10-09T16:38:14Z,4689722433,8835,tt
2026-10-09T16:38:14Z,10767138232,14440,tt uc
2026-10-09T16:38:14Z,10308844888,6264,tt uc
2026-10-09T16:38:14Z,10769396182,8281,uc
2026-10-09T16:38:14Z,10768351352,1411,uc
2026-10-09T16:38:14Z,10766845655,4151,uc
2026-10-09T16:38:14Z,10768428243,4878,uc
2026-10-09T16:38:14Z,10768314358,4022,uc
2026-10-09T16:38:14Z,10766588474,5833,uc
2026-10-09T16:38:14Z,10766142497,3972,uc
2026-10-09T16:38:14Z,10424350877,4941,uc
2026-10-09T16:38:14Z,10768202113,4435,uc
2026-10-09T16:38:14Z,10767784294,7230,uc
2026-10-09T16:38:14Z,10765312940,7460,uc
2026-10-09T16:38:14Z,10765716033,2501,uc
2026-10-09T16:38:14Z,10766812244,1693,uc
2026-10-09T16:38:14Z,10768012250,4577,uc
2026-10-09T16:38:14Z,10765563835,4745,uc
2026-10-09T16:38:14Z,10765635650,4087,uc
2026-10-09T16:38:14Z,10766735253,4818,uc
2026-10-09T16:38:14Z,10766687030,6404,uc
2026-10-09T16:38:14Z,10589881655,3024,uc
2026-10-09T16:38:14Z,10765748731,4478,uc
2026-10-09T16:38:14Z,10765907187,4616,uc
2026-10-09T16:38:14Z,10766109756,6342,uc
2026-10-09T16:38:14Z,10766309747,7110,uc
2026-10-09T16:38:14Z,10764980068,4509,uc
2026-10-09T16:38:14Z,10767780358,3863,uc
2026-10-09T16:38:14Z,10766364164,4425,uc
2026-10-09T16:38:14Z,6385532960,13,
2026-10-09T16:38:14Z,10768462078,1152,
2026-10-09T16:38:14Z,10765629453,1078,
2026-10-09T16:38:14Z,10724269636,2772,
2026-10-09T16:38:14Z,9511454418,464,
2026-10-09T16:38:14Z,10463578886,878,
2026-10-09T16:38:14Z,10534873486,6638,
2026-10-09T16:38:14Z,10447234038,433,
2026-10-09T16:38:14Z,10454554751,1488,
2026-10-09T16:38:14Z,5117983607,1805,
2026-10-09T16:38:14Z,10604772590,2644,
2026-10-09T16:38:14Z,9549894418,193,
2026-10-09T16:38:14Z,2851381018,15337,
2026-10-09T16:38:14Z,7996365376,6902,
2026-10-09T16:38:14Z,1769712451,748,
2026-10-09T16:38:14Z,10649255304,4782,
2026-10-09T16:38:14Z,9774451882,1918,
2026-10-09T16:38:14Z,6818915584,1709,
2026-10-09T16:38:14Z,10588785840,672,
2026-10-09T16:38:14Z,10574333980,230,
2026-10-09T16:38:14Z,7453941040,2999,
2026-10-09T16:38:14Z,9677117262,492,
2026-10-09T16:38:14Z,8869088870,1914,
2026-10-09T16:38:14Z,10091766471,2656,
2026-10-09T16:38:14Z,6136243726,3145,
2026-10-09T16:38:14Z,9522015993,1408,
2026-10-09T16:38:14Z,6049736902,1948,
2026-10-09T16:38:14Z,10335443723,1063,
2026-10-09T16:38:14Z,10766439439,392,
2026-10-09T16:38:14Z,10766004084,4638,
2026-10-09T16:38:14Z,10603675889,4926,
2026-10-09T16:38:14Z,10030829154,3313,
2026-10-09T16:38:14Z,1852226622,15245,
2026-10-09T16:38:14Z,10682172994,2581,
2026-10-09T16:38:14Z,10171730665,782,
2026-10-09T16:38:14Z,10351850295,2667,
2026-10-09T16:38:14Z,5039839070,7609,
2026-10-09T16:38:14Z,10751572992,701,
2026-10-09T16:38:14Z,10212081143,1348,
2026-10-09T16:38:14Z,10737256446,1341,
2026-10-09T16:38:14Z,9830725726,3494,
2026-10-09T16:38:14Z,6940206974,1852,
2026-10-09T16:38:14Z,8271581262,3294,
2026-10-09T16:38:14Z,10765626707,3400,
2026-10-09T16:38:14Z,1359573625,3034,
2026-10-09T16:38:14Z,4452297356,10676,
2026-10-09T16:38:14Z,4924789901,4641,
2026-10-09T16:38:14Z,5633615594,675,
2026-10-09T16:38:14Z,5903289376,2302,
2026-10-09T16:38:14Z,6343995637,2001,
2026-10-09T16:38:14Z,6690355795,1486,
2026-10-09T16:38:14Z,7182318649,1595,
2026-10-09T16:38:14Z,7447878628,866,
2026-10-09T16:38:14Z,7497471789,3734,
2026-10-09T16:38:14Z,7911332924,2114,
2026-10-09T16:38:14Z,7917550094,2321,
2026-10-09T16:38:14Z,8307114974,6118,
2026-10-09T16:38:14Z,8887067988,672,
2026-10-09T16:38:14Z,9199655655,12328,
2026-10-09T16:38:14Z,9840483947,2333,
2026-10-09T16:38:14Z,10064401653,445,
2026-10-09T16:38:14Z,10420832668,244,
2026-10-09T16:38:14Z,10428418645,1206,
2026-10-09T16:38:14Z,10440499034,1149,
2026-10-09T16:38:14Z,10558880394,2882,
2026-10-09T16:38:14Z,10766578375,8224,
2026-10-09T20:58:13Z,10563114921,1125762,te mp pn
2026-10-09T20:58:13Z,6035872082,156993,te mp pn
2026-10-09T20:58:13Z,383310974,305274,te mp pn tt
2026-10-09T20:58:13Z,994732206,188300,te mp pn
2026-10-09T20:58:13Z,5569032992,243353,te mp pn tt
2026-10-09T20:58:13Z,5595353122,72083,te mp pn
2026-10-09T20:58:13Z,4777817887,19103,te mp pn
2026-10-09T20:58:13Z,1686885941,469777,te mp pn
2026-10-09T20:58:13Z,66654135,223824,te mp pn
2026-10-09T20:58:13Z,7326934954,193419,te mp pn tt
2026-10-09T20:58:13Z,9584852943,71158,te mp pn
2026-10-09T20:58:13Z,3508322461,170474,te mp pn tt
2026-10-09T20:58:13Z,5750914919,68844,te mp pn tt
2026-10-09T20:58:13Z,5203828273,65010,te mp pn
2026-10-09T20:58:13Z,10765012427,18670,te mp pn
2026-10-09T20:58:13Z,10035204815,54316,te mp pn
2026-10-09T20:58:13Z,7709344486,87421,te mp pn
2026-10-09T20:58:13Z,3317771874,44408,te pn
2026-10-09T20:58:13Z,6331902150,52489,te mp pn
2026-10-09T20:58:13Z,2440500124,56983,te mp pn tt
2026-10-09T20:58:13Z,6931042565,45918,te mp pn tt
2026-10-09T20:58:13Z,10684750879,27577,te mp pn
2026-10-09T20:58:13Z,10732236937,10869,te
2026-10-09T20:58:13Z,5995470825,24807,te mp pn
2026-10-09T20:58:13Z,10148749921,31948,te mp pn
2026-10-09T20:58:13Z,88070565,34063,te pn
2026-10-09T20:58:13Z,2619619496,29564,te mp pn
2026-10-09T20:58:13Z,10764627709,124176,te mp pn tt uc
2026-10-09T20:58:13Z,9534705677,16488,te mp pn tt
2026-10-09T20:58:13Z,10708913337,54142,te mp pn
2026-10-09T20:58:13Z,1176784616,29297,te pn
2026-10-09T20:58:13Z,10685282333,39187,te mp pn tt
2026-10-09T20:58:13Z,10258991999,19757,te mp pn
2026-10-09T20:58:13Z,3808081382,50881,te mp pn
2026-10-09T20:58:13Z,3990106548,6431,te
2026-10-09T20:58:13Z,10436530264,17694,te pn tt
2026-10-09T20:58:13Z,1831550657,34752,te pn
2026-10-09T20:58:13Z,648454481,18185,te pn
2026-10-09T20:58:13Z,1516533665,19449,te mp pn
2026-10-09T20:58:13Z,10173311467,12554,te mp
2026-10-09T20:58:13Z,578392296,16897,te pn
2026-10-09T20:58:13Z,10765298801,41661,te mp pn tt uc
2026-10-09T20:58:13Z,1235188606,8022,te
2026-10-09T20:58:13Z,3541611379,5279,te
2026-10-09T20:58:13Z,10756011174,19063,te mp pn
2026-10-09T20:58:13Z,9837612476,8665,te
2026-10-09T20:58:13Z,7585140258,13844,te mp pn
2026-10-09T20:58:13Z,10737656087,6759,te
2026-10-09T20:58:13Z,4750561026,9435,te
2026-10-09T20:58:13Z,903807016,9224,te
2026-10-09T20:58:13Z,1202096104,29851,te mp pn
2026-10-09T20:58:13Z,184199275,16901,te pn
2026-10-09T20:58:13Z,9891331827,4602,te
2026-10-09T20:58:13Z,7219654364,72846,te mp pn
2026-10-09T20:58:13Z,10282097014,18656,te pn tt uc
2026-10-09T20:58:13Z,3647333358,27619,te mp pn
2026-10-09T20:58:13Z,9855761734,11198,te
2026-10-09T20:58:13Z,10261267004,13377,te pn
2026-10-09T20:58:13Z,9931749389,8187,te
2026-10-09T20:58:13Z,7436755782,13998,te mp pn
2026-10-09T20:58:13Z,10667357873,9573,te tt
2026-10-09T20:58:13Z,1526814825,9522,te
2026-10-09T20:58:13Z,10765288803,55837,te mp pn tt uc
2026-10-09T20:58:13Z,10700618962,10477,te
2026-10-09T20:58:13Z,6765805766,28876,te pn
2026-10-09T20:58:13Z,6749060816,5996,te
2026-10-09T20:58:13Z,4658598196,14124,te pn
2026-10-09T20:58:13Z,7008097940,11387,te
2026-10-09T20:58:13Z,4673599750,1381,te
2026-10-09T20:58:13Z,7633926880,11770,te
2026-10-09T20:58:13Z,7028566528,14148,te pn
2026-10-09T20:58:13Z,6325068386,17438,te pn
2026-10-09T20:58:13Z,1016936714,9120,te
2026-10-09T20:58:13Z,8719555347,22364,te mp pn
2026-10-09T20:58:13Z,10624691669,10797,te mp
2026-10-09T20:58:13Z,6701277882,72916,te pn
2026-10-09T20:58:13Z,7089588429,2042,te mp
2026-10-09T20:58:13Z,7264587281,4458,te
2026-10-09T20:58:13Z,601130232,27354,te pn
2026-10-09T20:58:13Z,10643795368,4121,te
2026-10-09T20:58:13Z,321778215,8751,te
2026-10-09T20:58:13Z,2682938349,5797,te
2026-10-09T20:58:13Z,850110028,4484,te
2026-10-09T20:58:13Z,1525626450,6404,te
2026-10-09T20:58:13Z,5361032378,30879,te pn
2026-10-09T20:58:13Z,4991126644,1894,te
2026-10-09T20:58:13Z,10512942223,31307,te pn tt uc
2026-10-09T20:58:13Z,371263894,7250,te
2026-10-09T20:58:13Z,10741792653,2801,te
2026-10-09T20:58:13Z,2992873140,11112,te
2026-10-09T20:58:13Z,4931927012,4591,te
2026-10-09T20:58:13Z,10004244222,9221,te mp
2026-10-09T20:58:13Z,5578556129,19935,te pn
2026-10-09T20:58:13Z,10155360168,54047,te mp pn
2026-10-09T20:58:13Z,10399136326,12636,te mp tt
2026-10-09T20:58:13Z,10636331438,6459,te
2026-10-09T20:58:13Z,1278035280,8310,te
2026-10-09T20:58:13Z,1946714362,3777,te
2026-10-09T20:58:13Z,8520148363,4745,te
2026-10-09T20:58:13Z,6682487255,5727,te
2026-10-09T20:58:13Z,5166944221,5366,te
2026-10-09T20:58:13Z,2783797267,12779,te tt
2026-10-09T20:58:13Z,9641502068,10773,te mp
2026-10-09T20:58:13Z,6760085372,5074,te
2026-10-09T20:58:13Z,2380077519,11045,te
2026-10-09T20:58:13Z,2251388500,2690,te
2026-10-09T20:58:13Z,7395930870,12908,te
2026-10-09T20:58:13Z,10550257968,12055,te mp tt
2026-10-09T20:58:13Z,10039889230,2798,te
2026-10-09T20:58:13Z,10231502419,3029,te
2026-10-09T20:58:13Z,9051406594,7433,te
2026-10-09T20:58:13Z,6945584306,14168,te pn
2026-10-09T20:58:13Z,1268927906,6447,te
2026-10-09T20:58:13Z,6061766680,3510,te
2026-10-09T20:58:13Z,10200395747,2440,te
2026-10-09T20:58:13Z,10431718987,3447,te
2026-10-09T20:58:13Z,10681914462,14472,te mp pn
2026-10-09T20:58:13Z,3183403065,1794,te
2026-10-09T20:58:13Z,9978329815,15568,te mp pn tt
2026-10-09T20:58:13Z,3240075297,54522,te mp pn tt
2026-10-09T20:58:13Z,245662005,7589,te
2026-10-09T20:58:13Z,9796898051,9296,te
2026-10-09T20:58:13Z,10532995815,4239,te
2026-10-09T20:58:13Z,4839802560,43607,te mp pn
2026-10-09T20:58:13Z,9872734936,5246,te
2026-10-09T20:58:13Z,7108384194,10645,te
2026-10-09T20:58:13Z,3012965062,6376,te tt
2026-10-09T20:58:13Z,10748543623,3343,te
2026-10-09T20:58:13Z,10766812776,7711,te uc
2026-10-09T20:58:13Z,3936365689,1675,te
2026-10-09T20:58:13Z,10526853622,7295,te
2026-10-09T20:58:13Z,10742937135,4021,te
2026-10-09T20:58:13Z,10764887435,1526,te
2026-10-09T20:58:13Z,3405618667,3424,te
2026-10-09T20:58:13Z,6521100398,31492,te mp pn tt
2026-10-09T20:58:13Z,10766008884,9800,te tt uc
2026-10-09T20:58:13Z,10765582175,10672,te tt
2026-10-09T20:58:13Z,10529769390,5893,te
2026-10-09T20:58:13Z,10246108265,3299,te
2026-10-09T20:58:13Z,6336741296,2742,te
2026-10-09T20:58:13Z,1390601379,2139,te
2026-10-09T20:58:13Z,7883776681,5048,te
2026-10-09T20:58:13Z,10753751277,5258,te
2026-10-09T20:58:13Z,10717002748,4254,te
2026-10-09T20:58:13Z,10440833423,1780,te
2026-10-09T20:58:13Z,7094518649,8398,te
2026-10-09T20:58:13Z,4987856151,6361,te
2026-10-09T20:58:13Z,10634461028,9919,te mp
2026-10-09T20:58:13Z,10740316645,8454,te
2026-10-09T20:58:13Z,10741654282,10908,te
2026-10-09T20:58:13Z,10764533320,5795,te
2026-10-09T20:58:13Z,10759337137,5016,te
2026-10-09T20:58:13Z,210851291,13247,te
2026-10-09T20:58:13Z,9970645639,6184,te
2026-10-09T20:58:13Z,9910245722,2470,te
2026-10-09T20:58:13Z,10552240401,3911,te
2026-10-09T20:58:13Z,9551044479,2698,te
2026-10-09T20:58:13Z,10762388019,7838,te mp
2026-10-09T20:58:13Z,10577588270,2774,te
2026-10-09T20:58:13Z,10759638075,6572,te
2026-10-09T20:58:13Z,4568630521,5701,te
2026-10-09T20:58:13Z,1802741133,2421,te
2026-10-09T20:58:13Z,10321202755,6534,te
2026-10-09T20:58:13Z,9880286438,6443,te
2026-10-09T20:58:13Z,10766056678,18341,te mp pn tt uc
2026-10-09T20:58:13Z,10675117523,13315,te
2026-10-09T20:58:13Z,5650396773,8013,te
2026-10-09T20:58:13Z,2527789729,2944,te
2026-10-09T20:58:13Z,7265339759,1267,te
2026-10-09T20:58:13Z,8524572339,4261,te
2026-10-09T20:58:13Z,4348829796,9753,te
2026-10-09T20:58:13Z,10230942274,7654,te tt
2026-10-09T20:58:13Z,6174994284,3445,te
2026-10-09T20:58:13Z,2788648141,2077,te
2026-10-09T20:58:13Z,6726637224,3277,te
2026-10-09T20:58:13Z,10762757054,5172,te mp
2026-10-09T20:58:13Z,10673920146,21026,te mp pn tt
2026-10-09T20:58:13Z,9561553764,10619,te mp
2026-10-09T20:58:13Z,10648640958,3699,te
2026-10-09T20:58:13Z,10765686447,14858,te mp pn tt
2026-10-09T20:58:13Z,3110388936,2697,te
2026-10-09T20:58:13Z,10761687472,8936,te mp
2026-10-09T20:58:13Z,4420562665,10398,te
2026-10-09T20:58:13Z,10541331578,1293,te
2026-10-09T20:58:13Z,10765013362,8151,te
2026-10-09T20:58:13Z,4730278139,7297,te
2026-10-09T20:58:13Z,7673659635,8239,te
2026-10-09T20:58:13Z,6504986360,6892,te
2026-10-09T20:58:13Z,1451439645,4338,te
2026-10-09T20:58:13Z,10430019389,4770,te
2026-10-09T20:58:13Z,703124385,26032,te mp pn
2026-10-09T20:58:13Z,10764897725,10560,te mp
2026-10-09T20:58:13Z,1494262959,2294,te
2026-10-09T20:58:13Z,10424107160,3609,te
2026-10-09T20:58:13Z,10765091041,4618,te uc
2026-10-09T20:58:13Z,5422546686,3004,te
2026-10-09T20:58:13Z,5026122481,4616,te
2026-10-09T20:58:13Z,65241,7958,te mp
2026-10-09T20:58:13Z,985731078,1869,te
2026-10-09T20:58:13Z,7703614594,3926,te
2026-10-09T20:58:13Z,10552540426,1656,te
2026-10-09T20:58:13Z,31970568,4340,te
2026-10-09T20:58:13Z,10766721625,13858,te mp pn tt uc
2026-10-09T20:58:13Z,3164075108,3133,te
2026-10-09T20:58:13Z,9656201728,1251,te
2026-10-09T20:58:13Z,8640389608,321,te
2026-10-09T20:58:13Z,7018190066,15450,te pn
2026-10-09T20:58:13Z,9167377564,12024,te mp
2026-10-09T20:58:13Z,10268960646,2384,te
2026-10-09T20:58:13Z,10144280947,8169,te mp
2026-10-09T20:58:13Z,10371406677,4581,te
2026-10-09T20:58:13Z,9582986239,3342,te
2026-10-09T20:58:13Z,10572887321,2850,te
2026-10-09T20:58:13Z,10765950109,4262,te
2026-10-09T20:58:13Z,10199301628,6196,te
2026-10-09T20:58:13Z,8618660961,1522,te
2026-10-09T20:58:13Z,2936053166,12648,te mp
2026-10-09T20:58:13Z,10415845204,2702,te
2026-10-09T20:58:13Z,1271059807,1842,te
2026-10-09T20:58:13Z,10475794799,2444,te
2026-10-09T20:58:13Z,6774320049,20172,te mp pn
2026-10-09T20:58:13Z,9788139379,2936,te
2026-10-09T20:58:13Z,10648555380,277,te
2026-10-09T20:58:13Z,10765167636,3932,te
2026-10-09T20:58:13Z,10628526114,3322,te
2026-10-09T20:58:13Z,10031562156,3987,te
2026-10-09T20:58:13Z,9348272796,4259,te
2026-10-09T20:58:13Z,7970033072,1513,te
2026-10-09T20:58:13Z,6739698191,28387,te mp pn
2026-10-09T20:58:13Z,10764479526,5220,te
2026-10-09T20:58:13Z,7613921865,5517,te
2026-10-09T20:58:13Z,9662130710,3179,te
2026-10-09T20:58:13Z,1008451066,3281,te
2026-10-09T20:58:13Z,10539411000,9017,te
2026-10-09T20:58:13Z,4983034985,16841,te pn
2026-10-09T20:58:13Z,21164849,4835,te
2026-10-09T20:58:13Z,9950184599,2588,te
2026-10-09T20:58:13Z,9312646406,2998,te
2026-10-09T20:58:13Z,274816972,2574,te
2026-10-09T20:58:13Z,1054526971,5188,te
2026-10-09T20:58:13Z,7143545906,811,te
2026-10-09T20:58:13Z,8841437826,1906,te
2026-10-09T20:58:13Z,9885372266,8132,te
2026-10-09T20:58:13Z,7488668004,7792,te
2026-10-09T20:58:13Z,113491250,3190,te
2026-10-09T20:58:13Z,4457060041,1393,te
2026-10-09T20:58:13Z,2668101271,24435,te mp pn
2026-10-09T20:58:13Z,7629331599,4260,te
2026-10-09T20:58:13Z,547524060,6145,te
2026-10-09T20:58:13Z,4949420752,28758,te mp pn
2026-10-09T20:58:13Z,9735583968,2141,te
2026-10-09T20:58:13Z,4342047058,8469,te
2026-10-09T20:58:13Z,10504918958,1662,te
2026-10-09T20:58:13Z,4793836769,2988,te
2026-10-09T20:58:13Z,10761143648,1103,te
2026-10-09T20:58:13Z,10765190004,5138,te
2026-10-09T20:58:13Z,6593476325,2007,te
2026-10-09T20:58:13Z,10116272705,9907,te
2026-10-09T20:58:13Z,10124403207,863,te
2026-10-09T20:58:13Z,2822776643,5024,te
2026-10-09T20:58:13Z,10739044772,3169,te
2026-10-09T20:58:13Z,10533638982,1123,te
2026-10-09T20:58:13Z,9826885587,3690,te
2026-10-09T20:58:13Z,7761516673,1053,te
2026-10-09T20:58:13Z,73885730,7162,te
2026-10-09T20:58:13Z,10762636904,7266,te
2026-10-09T20:58:13Z,8829204428,2378,te
2026-10-09T20:58:13Z,47545,4306,te
2026-10-09T20:58:13Z,10763764817,7669,te mp
2026-10-09T20:58:13Z,2309918273,1474,te
2026-10-09T20:58:13Z,10144587520,3941,te
2026-10-09T20:58:13Z,5026970880,2479,te
2026-10-09T20:58:13Z,10561166339,10345,te tt
2026-10-09T20:58:13Z,6048923315,1201,te
2026-10-09T20:58:13Z,3747388906,4092,te
2026-10-09T20:58:13Z,7934320560,1745,te
2026-10-09T20:58:13Z,10310999762,2962,te
2026-10-09T20:58:13Z,10761375767,4105,te
2026-10-09T20:58:13Z,10031505426,3733,te
2026-10-09T20:58:13Z,10452740285,2242,te
2026-10-09T20:58:13Z,8198412649,1174,te
2026-10-09T20:58:13Z,10762175328,227,te
2026-10-09T20:58:13Z,7661378108,1027,te
2026-10-09T20:58:13Z,4497460596,992,te
2026-10-09T20:58:13Z,1511883870,3828,te
2026-10-09T20:58:13Z,1742264997,1977,te
2026-10-09T20:58:13Z,9491545867,6872,te tt
2026-10-09T20:58:13Z,10138624079,6667,te tt
2026-10-09T20:58:13Z,4778845442,2930,te
2026-10-09T20:58:13Z,10309128556,1036,te
2026-10-09T20:58:13Z,3308103880,8657,te
2026-10-09T20:58:13Z,10765708310,791,te
2026-10-09T20:58:13Z,7738524573,3560,te
2026-10-09T20:58:13Z,9073513091,1549,te
2026-10-09T20:58:13Z,4938220315,1140,te
2026-10-09T20:58:13Z,6858584271,1394,te
2026-10-09T20:58:13Z,2350840700,1258,te
2026-10-09T20:58:13Z,10338952197,3636,te
2026-10-09T20:58:13Z,540382210,1811,te
2026-10-09T20:58:13Z,9908641400,5476,te
2026-10-09T20:58:13Z,2862098693,2966,te
2026-10-09T20:58:13Z,7450497506,3349,te
2026-10-09T20:58:13Z,6161049307,3247,te
2026-10-09T20:58:13Z,10393438342,2640,te
2026-10-09T20:58:13Z,10608856704,6438,te mp tt
2026-10-09T20:58:13Z,98929893,1796,te
2026-10-09T20:58:13Z,9112256336,901,te
2026-10-09T20:58:13Z,10411998017,2695,te
2026-10-09T20:58:13Z,6786784563,1658,te
2026-10-09T20:58:13Z,10593319486,1647,te
2026-10-09T20:58:13Z,10739137760,7418,te
2026-10-09T20:58:13Z,10765751583,7597,te tt
2026-10-09T20:58:13Z,10767408330,16287,te pn tt uc
2026-10-09T20:58:13Z,10501944811,1774,te
2026-10-09T20:58:13Z,10765279487,1901,te
2026-10-09T20:58:13Z,6375110339,1888,te
2026-10-09T20:58:13Z,10759430423,3590,te
2026-10-09T20:58:13Z,10249209189,1392,te
2026-10-09T20:58:13Z,3837114739,1186,te
2026-10-09T20:58:13Z,7274244096,4571,te
2026-10-09T20:58:13Z,10767582899,6507,te
2026-10-09T20:58:13Z,10195997258,1891,te
2026-10-09T20:58:13Z,10075660664,295,te
2026-10-09T20:58:13Z,372226183,23611,te mp pn
2026-10-09T20:58:13Z,10765902945,6040,te
2026-10-09T20:58:13Z,9098570654,6412,te
2026-10-09T20:58:13Z,6215986499,670,te
2026-10-09T20:58:13Z,9765324104,1904,te
2026-10-09T20:58:13Z,8964956538,2452,te
2026-10-09T20:58:13Z,97314177,1727,te
2026-10-09T20:58:13Z,3734304510,1995,te
2026-10-09T20:58:13Z,10698216738,4933,te
2026-10-09T20:58:13Z,5125369493,4734,te
2026-10-09T20:58:13Z,3730079862,5567,te
2026-10-09T20:58:13Z,4582358979,1690,te
2026-10-09T20:58:13Z,9317784977,1284,te
2026-10-09T20:58:13Z,10209534490,3356,te
2026-10-09T20:58:13Z,10759478428,3937,te
2026-10-09T20:58:13Z,10765153945,6241,te mp tt uc
2026-10-09T20:58:13Z,10226261982,3547,te
2026-10-09T20:58:13Z,9362896961,3267,te
2026-10-09T20:58:13Z,10765579304,1069,te
2026-10-09T20:58:13Z,10631775021,3652,te
2026-10-09T20:58:13Z,10057343903,3051,te
2026-10-09T20:58:13Z,10445832507,1082,te
2026-10-09T20:58:13Z,6505338302,3890,te
2026-10-09T20:58:13Z,10759594563,3146,te
2026-10-09T20:58:13Z,10765067592,7679,te
2026-10-09T20:58:13Z,10566677406,3560,te
2026-10-09T20:58:13Z,10187294555,1824,te
2026-10-09T20:58:13Z,10766494202,978,te
2026-10-09T20:58:13Z,10761375938,1627,te
2026-10-09T20:58:13Z,2471084,6052,te
2026-10-09T20:58:13Z,10455462279,2861,te
2026-10-09T20:58:13Z,9940812243,2686,te
2026-10-09T20:58:13Z,10767240772,8462,te uc
2026-10-09T20:58:13Z,10404519332,1889,te
2026-10-09T20:58:13Z,911750776,3358,te
2026-10-09T20:58:13Z,9363735110,3474,te
2026-10-09T20:58:13Z,10439568447,3144,te
2026-10-09T20:58:13Z,6443367640,6914,te
2026-10-09T20:58:13Z,10612017628,2847,te
2026-10-09T20:58:13Z,6100103590,662,te
2026-10-09T20:58:13Z,4540138978,8184,te
2026-10-09T20:58:13Z,10336278580,2177,te
2026-10-09T20:58:13Z,3457700596,2650,te
2026-10-09T20:58:13Z,7960300951,3348,te
2026-10-09T20:58:13Z,10764839604,4176,te
2026-10-09T20:58:13Z,10410945205,3038,te
2026-10-09T20:58:13Z,10765122642,6151,te
2026-10-09T20:58:13Z,10310563053,3692,te
2026-10-09T20:58:13Z,10502841145,10111,te
2026-10-09T20:58:13Z,5576955991,1305,te
2026-10-09T20:58:13Z,4165164803,9086,te
2026-10-09T20:58:13Z,4193032947,945,te
2026-10-09T20:58:13Z,10701628624,9857,te mp tt
2026-10-09T20:58:13Z,10514223296,1833,te
2026-10-09T20:58:13Z,10648820673,1793,te
2026-10-09T20:58:13Z,5265857965,4121,te
2026-10-09T20:58:13Z,10069043526,1672,te
2026-10-09T20:58:13Z,5272606478,1837,te
2026-10-09T20:58:13Z,10471583973,2501,te
2026-10-09T20:58:13Z,10765906597,5281,te uc
2026-10-09T20:58:13Z,7884563721,1237,te
2026-10-09T20:58:13Z,9949288829,1209,te
2026-10-09T20:58:13Z,4130569984,1708,te
2026-10-09T20:58:13Z,3808223175,1596,te
2026-10-09T20:58:13Z,10389762549,1276,te
2026-10-09T20:58:13Z,10223976219,2800,te
2026-10-09T20:58:13Z,9324081218,156,te
2026-10-09T20:58:13Z,4263576532,1531,te
2026-10-09T20:58:13Z,7843413523,2660,te
2026-10-09T20:58:13Z,7750955984,837,te
2026-10-09T20:58:13Z,8906870648,1068,te
2026-10-09T20:58:13Z,10761884278,282,te
2026-10-09T20:58:13Z,110181652,2081,te
2026-10-09T20:58:13Z,7787359931,3501,te
2026-10-09T20:58:13Z,2139712082,595,te
2026-10-09T20:58:13Z,10263732883,2594,te
2026-10-09T20:58:13Z,3873871110,1120,te
2026-10-09T20:58:13Z,10737231383,2114,te
2026-10-09T20:58:13Z,10485201326,2160,te
2026-10-09T20:58:13Z,6770632849,1030,te
2026-10-09T20:58:13Z,10768176407,5662,te uc
2026-10-09T20:58:13Z,10460801145,13077,te mp
2026-10-09T20:58:13Z,3365661357,820,te
2026-10-09T20:58:13Z,10768023539,39840,te pn tt uc
2026-10-09T20:58:13Z,9150731899,1884,te
2026-10-09T20:58:13Z,10764404786,818,te
2026-10-09T20:58:13Z,605887098,2660,te
2026-10-09T20:58:13Z,4723764956,16061,te pn
2026-10-09T20:58:13Z,10298144467,1792,te
2026-10-09T20:58:13Z,6751447237,2721,te
2026-10-09T20:58:13Z,10766349481,3348,te uc
2026-10-09T20:58:13Z,10769043472,1463,te
2026-10-09T20:58:13Z,6466404775,3445,te
2026-10-09T20:58:13Z,10390151142,2170,te
2026-10-09T20:58:13Z,9067189974,2539,te
2026-10-09T20:58:13Z,3419284255,2839,te
2026-10-09T20:58:13Z,5091490171,2440,te
2026-10-09T20:58:13Z,4925331346,4086,te
2026-10-09T20:58:13Z,10757704931,2937,te
2026-10-09T20:58:13Z,10593482707,2779,te
2026-10-09T20:58:13Z,9141743926,3437,te
2026-10-09T20:58:13Z,7474367816,3469,te
2026-10-09T20:58:13Z,5812546130,669,te
2026-10-09T20:58:13Z,98839997,606,te
2026-10-09T20:58:13Z,9296042754,4870,te
2026-10-09T20:58:13Z,9382839773,1618,te
2026-10-09T20:58:13Z,6619936488,1961,te
2026-10-09T20:58:13Z,4263371487,991,te
2026-10-09T20:58:13Z,9996384072,1285,te
2026-10-09T20:58:13Z,7665084235,370,te
2026-10-09T20:58:13Z,8246907060,731,te
2026-10-09T20:58:13Z,10761200080,1645,te
2026-10-09T20:58:13Z,4079077350,747,te
2026-10-09T20:58:13Z,7359962123,3125,te
2026-10-09T20:58:13Z,1531130248,3578,te
2026-10-09T20:58:13Z,9169166771,1012,te
2026-10-09T20:58:13Z,9091734830,732,te
2026-10-09T20:58:13Z,6324644175,4809,te
2026-10-09T20:58:13Z,5972059550,1615,te
2026-10-09T20:58:13Z,10764297006,8017,te
2026-10-09T20:58:13Z,10153098880,1994,te
2026-10-09T20:58:13Z,10766064142,1167,te
2026-10-09T20:58:13Z,10590260635,2976,te
2026-10-09T20:58:13Z,4201418016,483,te
2026-10-09T20:58:13Z,10714746778,6332,te
2026-10-09T20:58:13Z,7332711118,1802,te
2026-10-09T20:58:13Z,10767634248,20195,te mp pn tt uc
2026-10-09T20:58:13Z,10603011269,1134,te
2026-10-09T20:58:13Z,10764883692,755,te
2026-10-09T20:58:13Z,6170143659,4257,te
2026-10-09T20:58:13Z,7058980030,5207,te
2026-10-09T20:58:13Z,7178032757,5405,te
2026-10-09T20:58:13Z,10598688389,3287,te
2026-10-09T20:58:13Z,10376944238,6867,te
2026-10-09T20:58:13Z,4666414595,427,te
2026-10-09T20:58:13Z,4293374620,12827,te mp
2026-10-09T20:58:13Z,10767824942,6253,te uc
2026-10-09T20:58:13Z,10553704684,6777,te
2026-10-09T20:58:13Z,10759518799,7938,te tt
2026-10-09T20:58:13Z,10324001605,2157,te
2026-10-09T20:58:13Z,10766506199,22984,te mp pn tt uc
2026-10-09T20:58:13Z,10764415267,1785,te uc
2026-10-09T20:58:13Z,10514280922,782,te
2026-10-09T20:58:13Z,2640407187,1376,te
2026-10-09T20:58:13Z,9815834699,2086,te
2026-10-09T20:58:13Z,10415694629,5852,te
2026-10-09T20:58:13Z,7856039629,7687,te
2026-10-09T20:58:13Z,10529067596,2193,te
2026-10-09T20:58:13Z,8360491918,202,te
2026-10-09T20:58:13Z,6272727021,2099,te
2026-10-09T20:58:13Z,5829613337,2873,te
2026-10-09T20:58:13Z,6118645803,481,te
2026-10-09T20:58:13Z,10589388621,436,te
2026-10-09T20:58:13Z,2711375305,73731,mp pn
2026-10-09T20:58:13Z,9294074907,14214,mp pn
2026-10-09T20:58:13Z,8178086002,15286,mp pn tt
2026-10-09T20:58:13Z,10744310825,21881,mp pn tt
2026-10-09T20:58:13Z,10767825538,52487,mp pn tt uc
2026-10-09T20:58:13Z,10765637643,9650,mp tt
2026-10-09T20:58:13Z,7948426536,4941,mp
2026-10-09T20:58:13Z,9296252245,6109,mp
2026-10-09T20:58:13Z,7554119808,16952,mp pn
2026-10-09T20:58:13Z,5283219861,6214,mp
2026-10-09T20:58:13Z,10665420648,11502,mp tt
2026-10-09T20:58:13Z,10764613327,6404,mp tt
2026-10-09T20:58:13Z,10764221401,8776,mp tt
2026-10-09T20:58:13Z,10057403337,7315,mp
2026-10-09T20:58:13Z,10764640833,4665,mp
2026-10-09T20:58:13Z,10278774552,5875,mp tt
2026-10-09T20:58:13Z,10767922762,10031,mp tt uc
2026-10-09T20:58:13Z,10766138478,6085,mp uc
2026-10-09T20:58:13Z,9957338123,4592,mp
2026-10-09T20:58:13Z,10768565603,21238,pn tt uc
2026-10-09T20:58:13Z,4049246711,16811,pn
2026-10-09T20:58:13Z,10767012496,16049,pn tt uc
2026-10-09T20:58:13Z,10768425253,15487,pn tt uc
2026-10-09T20:58:13Z,6594435384,15969,pn
2026-10-09T20:58:13Z,1852226622,13634,pn
2026-10-09T20:58:13Z,10767380385,13629,pn tt uc
2026-10-09T20:58:13Z,9811924734,13519,pn
2026-10-09T20:58:13Z,7398552394,13474,pn tt
2026-10-09T20:58:13Z,7265977477,3368,tt
2026-10-09T20:58:13Z,10766725034,8918,tt uc
2026-10-09T20:58:13Z,10765785152,1924,tt uc
2026-10-09T20:58:13Z,1451869528,3729,tt
2026-10-09T20:58:13Z,3945578236,7100,tt
2026-10-09T20:58:13Z,10768026334,11957,tt uc
2026-10-09T20:58:13Z,10767566226,8161,tt uc
2026-10-09T20:58:13Z,6128091457,2991,tt
2026-10-09T20:58:13Z,10766240516,11511,tt uc
2026-10-09T20:58:13Z,10638886777,8206,tt
2026-10-09T20:58:13Z,10768316438,10689,tt uc
2026-10-09T20:58:13Z,9145063979,7549,tt
2026-10-09T20:58:13Z,10765490774,7696,tt uc
2026-10-09T20:58:13Z,10036955953,2985,tt
2026-10-09T20:58:13Z,9825259729,7127,tt
2026-10-09T20:58:13Z,10575295323,6707,tt
2026-10-09T20:58:13Z,10478974655,7211,tt
2026-10-09T20:58:13Z,10399174001,5171,tt
2026-10-09T20:58:13Z,5239362765,7233,tt
2026-10-09T20:58:13Z,10767567751,11439,tt uc
2026-10-09T20:58:13Z,10496189928,6608,tt
2026-10-09T20:58:13Z,2157233282,1399,tt
2026-10-09T20:58:13Z,10308844888,4840,tt uc
2026-10-09T20:58:13Z,10765491459,8759,tt uc
2026-10-09T20:58:13Z,1000233041,8782,tt
2026-10-09T20:58:13Z,6635513269,7813,tt
2026-10-09T20:58:13Z,10737986845,5982,tt
2026-10-09T20:58:13Z,4267277633,2181,tt
2026-10-09T20:58:13Z,4689722433,6009,tt
2026-10-09T20:58:13Z,10597001332,5277,tt uc
2026-10-09T20:58:13Z,10766395909,6159,tt uc
2026-10-09T20:58:13Z,7005891584,1944,tt
2026-10-09T20:58:13Z,10739112966,8856,tt
2026-10-09T20:58:13Z,10768012048,3172,tt uc
2026-10-09T20:58:13Z,8851542818,2501,tt
2026-10-09T20:58:13Z,10767138232,11875,tt uc
2026-10-09T20:58:13Z,7646154613,1595,tt
2026-10-09T20:58:13Z,9490116046,6202,tt
2026-10-09T20:58:13Z,10764706572,3553,tt
2026-10-09T20:58:13Z,6688157118,2299,tt
2026-10-09T20:58:13Z,10764467420,3961,tt
2026-10-09T20:58:13Z,10766845655,4347,tt uc
2026-10-09T20:58:13Z,10768428243,5181,tt uc
2026-10-09T20:58:13Z,10768314358,5123,uc
2026-10-09T20:58:13Z,10769396182,6236,uc
2026-10-09T20:58:13Z,10766588474,8918,uc
2026-10-09T20:58:13Z,10768351352,1762,uc
2026-10-09T20:58:13Z,10765541201,3852,uc
2026-10-09T20:58:13Z,10766390665,5649,uc
2026-10-09T20:58:13Z,10765312940,4043,uc
2026-10-09T20:58:13Z,10766142497,3602,uc
2026-10-09T20:58:13Z,10424350877,3801,uc
2026-10-09T20:58:13Z,10765563835,3869,uc
2026-10-09T20:58:13Z,10768012250,5040,uc
2026-10-09T20:58:13Z,10767784294,10983,uc
2026-10-09T20:58:13Z,10768202113,4312,uc
2026-10-09T20:58:13Z,10766687030,5702,uc
2026-10-09T20:58:13Z,10765748731,5337,uc
2026-10-09T20:58:13Z,10766735253,2931,uc
2026-10-09T20:58:13Z,10766945810,2692,uc
2026-10-09T20:58:13Z,10765907187,3436,uc
2026-10-09T20:58:13Z,10766109756,2760,uc
2026-10-09T20:58:13Z,10603675889,4461,uc
2026-10-09T20:58:13Z,10766567836,2221,uc
2026-10-09T20:58:13Z,10765763629,2368,uc
2026-10-09T20:58:13Z,10766309747,7047,uc
2026-10-09T20:58:13Z,10764980068,3961,uc
2026-10-09T20:58:13Z,10766364164,4189,uc
2026-10-09T20:58:13Z,10767780358,3245,uc
2026-10-09T20:58:13Z,6385532960,13,
2026-10-09T20:58:13Z,1782832995,20,
2026-10-09T20:58:13Z,10768462078,987,
2026-10-09T20:58:13Z,10765629453,808,
2026-10-09T20:58:13Z,10724269636,1890,
2026-10-09T20:58:13Z,9511454418,500,
2026-10-09T20:58:13Z,10463578886,841,
2026-10-09T20:58:13Z,10534873486,4384,
2026-10-09T20:58:13Z,10447234038,579,
2026-10-09T20:58:13Z,10454554751,1099,
2026-10-09T20:58:13Z,5117983607,1354,
2026-10-09T20:58:13Z,10604772590,2166,
2026-10-09T20:58:13Z,9549894418,215,
2026-10-09T20:58:13Z,2851381018,9404,
2026-10-09T20:58:13Z,7996365376,7022,
2026-10-09T20:58:13Z,1769712451,869,
2026-10-09T20:58:13Z,10649255304,3175,
2026-10-09T20:58:13Z,9774451882,1429,
2026-10-09T20:58:13Z,10630800860,12978,
2026-10-09T20:58:13Z,6818915584,1196,
2026-10-09T20:58:13Z,10117986107,867,
2026-10-09T20:58:13Z,9843234816,974,
2026-10-09T20:58:13Z,10742198859,666,
2026-10-09T20:58:13Z,10588785840,528,
2026-10-09T20:58:13Z,10574333980,163,
2026-10-09T20:58:13Z,7453941040,2230,
2026-10-09T20:58:13Z,9677117262,402,
2026-10-09T20:58:13Z,8869088870,1210,
2026-10-09T20:58:13Z,10091766471,1685,
2026-10-09T20:58:13Z,6136243726,2347,
2026-10-09T20:58:13Z,9522015993,1229,
2026-10-09T20:58:13Z,6049736902,1821,
2026-10-09T20:58:13Z,10335443723,1041,
2026-10-09T20:58:13Z,10766439439,295,
2026-10-09T20:58:13Z,10766004084,4338,
2026-10-09T20:58:13Z,10589881655,2883,
2026-10-09T20:58:13Z,10765635650,3360,
2026-10-09T20:58:13Z,10766812244,1099,
2026-10-09T20:58:13Z,10030829154,2076,
2026-10-09T20:58:13Z,10682172994,1399,
2026-10-09T20:58:13Z,10247797619,2034,
2026-10-09T20:58:13Z,10473810300,2111,
2026-10-09T20:58:13Z,10171730665,657,
2026-10-09T20:58:13Z,10351850295,1503,
2026-10-09T20:58:13Z,10765716033,2223,
2026-10-09T20:58:13Z,5039839070,11770,
2026-10-09T20:58:13Z,10751572992,405,
2026-10-09T20:58:13Z,10212081143,1320,
2026-10-09T20:58:13Z,3310460039,10948,
2026-10-09T20:58:13Z,10737256446,1215,
2026-10-09T20:58:13Z,9830725726,3323,
2026-10-09T20:58:13Z,6940206974,1663,
2026-10-09T20:58:13Z,8271581262,2944,
2026-10-09T20:58:13Z,10765626707,72,
2026-10-09T20:58:13Z,1359573625,4173,
2026-10-09T20:58:13Z,4452297356,11228,
2026-10-09T20:58:13Z,4924789901,5054,
2026-10-09T20:58:13Z,5633615594,845,
2026-10-09T20:58:13Z,5903289376,1351,
2026-10-09T20:58:13Z,6343995637,2433,
2026-10-09T20:58:13Z,6690355795,1212,
2026-10-09T20:58:13Z,7182318649,1343,
2026-10-09T20:58:13Z,7447878628,1378,
2026-10-09T20:58:13Z,7497471789,3855,
2026-10-09T20:58:13Z,7911332924,1585,
2026-10-09T20:58:13Z,7917550094,2914,
2026-10-09T20:58:13Z,8307114974,6663,
2026-10-09T20:58:13Z,8887067988,1023,
2026-10-09T20:58:13Z,9199655655,10637,
2026-10-09T20:58:13Z,9840483947,1454,
2026-10-09T20:58:13Z,10064401653,520,
2026-10-09T20:58:13Z,10420832668,483,
2026-10-09T20:58:13Z,10428418645,1229,
2026-10-09T20:58:13Z,10440499034,1433,
2026-10-09T20:58:13Z,10558880394,4237,
2026-10-09T20:58:13Z,10766578375,9031,
